{"type":"FeatureCollection","features":[{"type":"Feature","id":1,"properties":{"id":1,"name":"Andaman and Nicobar","type":"Union Territor"},"geometry":{"type":"MultiPolygon","coordinates":[[[[93.788,6.853],[93.788,6.853]]],[[[93.72,7.208],[93.72,7.208]]],[[[93.848,7.24],[93.871,7.214],[93.883,7.181],[93.887,7.145],[93.889,7.11],[93.902,7.077],[93.917,7.045],[93.936,7.015],[93.929,6.98],[93.918,6.946],[93.915,6.911],[93.902,6.878],[93.895,6.843],[93.898,6.808],[93.863,6.816],[93.847,6.784],[93.828,6.754],[93.809,6.784],[93.813,6.818],[93.794,6.848],[93.772,6.876],[93.766,6.911],[93.749,6.942],[93.732,6.973],[93.703,6.995],[93.668,7.003],[93.671,7.039],[93.664,7.073],[93.67,7.108],[93.677,7.143],[93.676,7.178],[93.709,7.191],[93.744,7.198],[93.778,7.21],[93.809,7.227],[93.841,7.241],[93.848,7.24]]],[[[93.849,7.29],[93.849,7.29]]],[[[93.664,7.384],[93.664,7.384]]],[[[93.769,7.402],[93.769,7.402]]],[[[93.689,7.41],[93.689,7.41]]],[[[93.713,7.444],[93.721,7.409],[93.744,7.383],[93.743,7.347],[93.727,7.316],[93.698,7.294],[93.672,7.269],[93.649,7.243],[93.634,7.274],[93.622,7.307],[93.633,7.341],[93.653,7.371],[93.684,7.388],[93.707,7.414],[93.713,7.444]]],[[[93.648,7.477],[93.648,7.477]]],[[[93.634,7.478],[93.634,7.478]]],[[[93.544,7.525],[93.544,7.525]]],[[[93.342,7.906],[93.342,7.906]]],[[[93.34,7.911],[93.34,7.911]]],[[[93.38,8.025],[93.41,8.006],[93.406,7.971],[93.438,7.955],[93.464,7.931],[93.473,7.898],[93.438,7.901],[93.402,7.903],[93.372,7.884],[93.344,7.905],[93.356,7.939],[93.323,7.926],[93.311,7.96],[93.323,7.994],[93.356,8.008],[93.38,8.025]]],[[[93.547,8.028],[93.574,8.006],[93.583,7.971],[93.579,7.934],[93.549,7.951],[93.52,7.972],[93.529,8.006],[93.547,8.028]]],[[[93.579,8.125],[93.591,8.092],[93.598,8.056],[93.577,8.085],[93.562,8.117],[93.579,8.125]]],[[[93.526,8.231],[93.546,8.201],[93.525,8.171],[93.511,8.139],[93.53,8.109],[93.551,8.081],[93.549,8.045],[93.515,8.034],[93.506,8],[93.486,8.029],[93.507,8.058],[93.482,8.083],[93.464,8.115],[93.455,8.149],[93.469,8.181],[93.492,8.208],[93.519,8.232],[93.526,8.231]]],[[[93.235,8.266],[93.251,8.234],[93.221,8.252],[93.235,8.266]]],[[[93.126,8.356],[93.137,8.323],[93.127,8.286],[93.143,8.254],[93.173,8.235],[93.205,8.216],[93.174,8.199],[93.141,8.214],[93.11,8.234],[93.091,8.264],[93.084,8.298],[93.094,8.333],[93.123,8.353],[93.126,8.356]]],[[[93.652,8.394],[93.652,8.394]]],[[[93.635,8.395],[93.635,8.395]]],[[[93.044,8.473],[93.061,8.443],[93.042,8.472],[93.044,8.473]]],[[[93.612,8.485],[93.612,8.485]]],[[[93.616,8.574],[93.621,8.539],[93.632,8.505],[93.641,8.471],[93.628,8.438],[93.622,8.473],[93.625,8.509],[93.612,8.541],[93.616,8.574]]],[[[93.609,8.582],[93.609,8.582]]],[[[92.859,8.82],[92.859,8.82]]],[[[92.793,9.119],[92.793,9.119]]],[[[92.804,9.121],[92.804,9.121]]],[[[92.814,9.127],[92.814,9.127]]],[[[92.788,9.244],[92.814,9.22],[92.854,9.209],[92.826,9.188],[92.829,9.153],[92.809,9.124],[92.773,9.125],[92.737,9.123],[92.718,9.154],[92.72,9.19],[92.743,9.216],[92.775,9.231],[92.788,9.244]]],[[[92.516,10.898],[92.53,10.865],[92.558,10.843],[92.564,10.808],[92.588,10.782],[92.583,10.747],[92.592,10.713],[92.596,10.677],[92.571,10.653],[92.546,10.628],[92.546,10.592],[92.554,10.558],[92.534,10.529],[92.504,10.511],[92.472,10.526],[92.442,10.545],[92.408,10.535],[92.399,10.569],[92.412,10.601],[92.413,10.637],[92.394,10.666],[92.381,10.699],[92.379,10.734],[92.378,10.769],[92.409,10.786],[92.427,10.816],[92.455,10.838],[92.47,10.869],[92.498,10.89],[92.516,10.898]]],[[[92.609,10.939],[92.609,10.939]]],[[[92.227,10.982],[92.227,10.982]]],[[[92.663,10.982],[92.663,10.982]]],[[[92.726,11.144],[92.726,11.144]]],[[[92.732,11.15],[92.732,11.15]]],[[[92.677,11.184],[92.677,11.184]]],[[[92.706,11.289],[92.697,11.254],[92.704,11.289],[92.706,11.289]]],[[[92.701,11.311],[92.701,11.311]]],[[[92.723,11.316],[92.723,11.316]]],[[[92.548,11.393],[92.548,11.393]]],[[[92.558,11.391],[92.558,11.391]]],[[[92.673,11.488],[92.673,11.488]]],[[[92.61,11.504],[92.61,11.504]]],[[[92.644,11.513],[92.644,11.513]]],[[[92.641,11.51],[92.669,11.488],[92.68,11.455],[92.674,11.42],[92.689,11.388],[92.667,11.361],[92.635,11.348],[92.599,11.347],[92.592,11.381],[92.62,11.403],[92.623,11.438],[92.613,11.472],[92.627,11.505],[92.641,11.51]]],[[[92.272,11.516],[92.272,11.516]]],[[[92.605,11.535],[92.605,11.535]]],[[[92.56,11.538],[92.56,11.538]]],[[[92.628,11.542],[92.628,11.542]]],[[[92.61,11.559],[92.61,11.559]]],[[[92.575,11.563],[92.575,11.563]]],[[[92.568,11.571],[92.568,11.571]]],[[[92.597,11.542],[92.591,11.576],[92.597,11.542]]],[[[92.578,11.582],[92.578,11.582]]],[[[92.611,11.588],[92.611,11.588]]],[[[92.219,11.592],[92.254,11.59],[92.269,11.558],[92.27,11.523],[92.235,11.525],[92.208,11.548],[92.208,11.583],[92.219,11.592]]],[[[92.54,11.603],[92.564,11.577],[92.534,11.558],[92.532,11.593],[92.54,11.603]]],[[[92.7,11.664],[92.7,11.664]]],[[[92.762,11.67],[92.762,11.67]]],[[[92.725,11.689],[92.725,11.689]]],[[[92.551,11.721],[92.551,11.721]]],[[[93.083,11.78],[93.083,11.78]]],[[[93.021,11.843],[93.056,11.844],[93.025,11.827],[93.021,11.843]]],[[[92.597,11.905],[92.597,11.905]]],[[[92.566,11.95],[92.566,11.95]]],[[[92.732,11.954],[92.732,11.954]]],[[[92.743,11.965],[92.743,11.965]]],[[[92.75,11.968],[92.75,11.968]]],[[[92.596,11.976],[92.609,11.943],[92.589,11.972],[92.596,11.976]]],[[[92.583,11.976],[92.583,11.976]]],[[[92.776,12.018],[92.776,12.018]]],[[[92.97,12.034],[93.004,12.028],[93.011,11.993],[93.026,11.961],[93.044,11.931],[93.054,11.897],[93.02,11.905],[92.999,11.934],[92.97,11.954],[92.952,11.984],[92.953,12.019],[92.97,12.034]]],[[[92.97,12.064],[92.97,12.064]]],[[[92.991,12.109],[93.002,12.075],[92.967,12.068],[92.96,12.104],[92.991,12.109]]],[[[92.994,12.11],[92.994,12.11]]],[[[92.743,12.115],[92.743,12.115]]],[[[92.949,12.116],[92.949,12.116]]],[[[92.629,12.112],[92.629,12.112]]],[[[92.631,12.118],[92.631,12.118]]],[[[93.098,12.137],[93.098,12.137]]],[[[93.121,12.148],[93.121,12.148]]],[[[92.846,12.148],[92.846,12.148]]],[[[93.028,12.157],[93.034,12.122],[93.043,12.087],[93.05,12.053],[93.021,12.072],[93.008,12.105],[92.975,12.117],[92.956,12.147],[92.991,12.144],[93.022,12.16],[93.028,12.157]]],[[[92.759,12.181],[92.759,12.181]]],[[[92.72,12.18],[92.72,12.18]]],[[[92.731,12.188],[92.731,12.188]]],[[[93.069,12.211],[93.087,12.181],[93.094,12.147],[93.093,12.111],[93.059,12.104],[93.038,12.132],[93.047,12.166],[93.061,12.198],[93.069,12.211]]],[[[92.683,12.215],[92.683,12.215]]],[[[93.02,12.225],[93.02,12.225]]],[[[92.939,12.224],[92.939,12.224]]],[[[92.701,12.236],[92.709,12.201],[92.704,12.166],[92.735,12.182],[92.755,12.153],[92.744,12.12],[92.736,12.085],[92.753,12.054],[92.777,12.029],[92.743,12.036],[92.756,12.003],[92.727,11.984],[92.716,11.95],[92.725,11.916],[92.725,11.881],[92.722,11.846],[92.705,11.815],[92.726,11.843],[92.732,11.878],[92.736,11.913],[92.762,11.937],[92.785,11.91],[92.786,11.875],[92.778,11.84],[92.772,11.805],[92.768,11.77],[92.759,11.736],[92.755,11.701],[92.72,11.703],[92.702,11.673],[92.672,11.654],[92.693,11.625],[92.714,11.653],[92.74,11.678],[92.753,11.645],[92.753,11.61],[92.738,11.578],[92.732,11.543],[92.722,11.509],[92.687,11.509],[92.653,11.517],[92.651,11.552],[92.618,11.565],[92.609,11.599],[92.639,11.618],[92.608,11.636],[92.592,11.667],[92.594,11.702],[92.559,11.703],[92.553,11.737],[92.559,11.772],[92.551,11.806],[92.537,11.839],[92.525,11.871],[92.538,11.904],[92.559,11.933],[92.583,11.908],[92.602,11.878],[92.611,11.912],[92.609,11.947],[92.612,11.982],[92.616,12.017],[92.622,12.052],[92.622,12.088],[92.636,12.12],[92.641,12.155],[92.652,12.189],[92.674,12.216],[92.701,12.236]]],[[[92.731,12.242],[92.744,12.21],[92.725,12.239],[92.731,12.242]]],[[[92.881,12.25],[92.881,12.25]]],[[[92.866,12.236],[92.866,12.236]]],[[[92.699,12.245],[92.699,12.245]]],[[[92.902,12.256],[92.913,12.223],[92.88,12.21],[92.871,12.244],[92.902,12.256]]],[[[93.078,12.262],[93.106,12.24],[93.102,12.205],[93.073,12.226],[93.075,12.261],[93.078,12.262]]],[[[92.901,12.262],[92.901,12.262]]],[[[92.738,12.271],[92.738,12.271]]],[[[93.03,12.28],[93.03,12.28]]],[[[92.75,12.288],[92.74,12.254],[92.748,12.288],[92.75,12.288]]],[[[92.737,12.285],[92.737,12.285]]],[[[92.767,12.27],[92.767,12.27]]],[[[92.754,12.295],[92.754,12.295]]],[[[92.771,12.295],[92.771,12.295]]],[[[92.878,12.294],[92.878,12.294]]],[[[92.711,12.296],[92.718,12.261],[92.704,12.294],[92.711,12.296]]],[[[92.766,12.299],[92.766,12.299]]],[[[92.941,12.281],[92.929,12.248],[92.902,12.271],[92.929,12.293],[92.941,12.281]]],[[[92.777,12.31],[92.812,12.312],[92.846,12.304],[92.878,12.288],[92.88,12.253],[92.873,12.219],[92.848,12.194],[92.851,12.159],[92.819,12.144],[92.813,12.11],[92.792,12.081],[92.759,12.071],[92.74,12.101],[92.751,12.134],[92.761,12.168],[92.769,12.202],[92.77,12.237],[92.748,12.265],[92.779,12.281],[92.777,12.31]]],[[[93.073,12.319],[93.073,12.319]]],[[[93.84,12.321],[93.866,12.295],[93.876,12.255],[93.841,12.237],[93.815,12.271],[93.824,12.307],[93.84,12.321]]],[[[92.913,12.332],[92.913,12.332]]],[[[92.906,12.339],[92.906,12.339]]],[[[92.912,12.338],[92.912,12.338]]],[[[92.897,12.392],[92.897,12.392]]],[[[92.853,12.409],[92.888,12.408],[92.868,12.379],[92.845,12.404],[92.853,12.409]]],[[[92.899,12.408],[92.899,12.408]]],[[[92.889,12.413],[92.889,12.413]]],[[[92.866,12.421],[92.866,12.421]]],[[[92.903,12.42],[92.903,12.42]]],[[[92.832,12.427],[92.832,12.427]]],[[[92.955,12.415],[92.942,12.382],[92.931,12.415],[92.955,12.415]]],[[[92.875,12.445],[92.875,12.445]]],[[[92.679,12.541],[92.679,12.541]]],[[[92.702,12.638],[92.702,12.638]]],[[[92.731,12.703],[92.731,12.703]]],[[[92.724,12.737],[92.724,12.737]]],[[[92.727,12.751],[92.727,12.751]]],[[[92.656,12.769],[92.656,12.769]]],[[[92.717,12.775],[92.717,12.775]]],[[[92.725,12.762],[92.725,12.762]]],[[[92.716,12.797],[92.716,12.797]]],[[[92.717,12.801],[92.717,12.801]]],[[[92.718,12.803],[92.718,12.803]]],[[[92.711,12.829],[92.713,12.794],[92.722,12.76],[92.72,12.725],[92.711,12.759],[92.697,12.791],[92.707,12.825],[92.711,12.829]]],[[[92.728,12.836],[92.728,12.836]]],[[[92.732,12.856],[92.732,12.856]]],[[[92.729,12.864],[92.711,12.834],[92.728,12.865],[92.729,12.864]]],[[[92.779,12.865],[92.779,12.865]]],[[[92.765,12.855],[92.765,12.855]]],[[[92.76,12.878],[92.76,12.878]]],[[[92.786,12.893],[92.786,12.893]]],[[[92.894,12.899],[92.894,12.899]]],[[[92.755,12.913],[92.755,12.913]]],[[[92.865,12.912],[92.865,12.912]]],[[[92.795,12.911],[92.795,12.911]]],[[[92.913,12.917],[92.913,12.917]]],[[[92.768,12.918],[92.768,12.918]]],[[[92.935,12.918],[92.935,12.918]]],[[[92.767,12.925],[92.767,12.925]]],[[[92.899,12.916],[92.918,12.886],[92.935,12.855],[92.946,12.822],[92.941,12.787],[92.957,12.756],[92.966,12.722],[92.964,12.687],[92.96,12.651],[92.958,12.616],[92.962,12.581],[92.974,12.547],[92.966,12.512],[92.942,12.487],[92.943,12.452],[92.92,12.425],[92.888,12.439],[92.857,12.456],[92.838,12.486],[92.854,12.454],[92.885,12.437],[92.852,12.424],[92.819,12.437],[92.798,12.466],[92.812,12.433],[92.837,12.409],[92.853,12.377],[92.881,12.357],[92.897,12.325],[92.863,12.313],[92.829,12.305],[92.794,12.307],[92.759,12.305],[92.724,12.302],[92.7,12.327],[92.701,12.363],[92.698,12.4],[92.703,12.435],[92.701,12.47],[92.701,12.505],[92.699,12.54],[92.708,12.575],[92.686,12.602],[92.712,12.625],[92.733,12.653],[92.765,12.668],[92.777,12.635],[92.786,12.669],[92.787,12.704],[92.77,12.673],[92.735,12.674],[92.74,12.708],[92.732,12.742],[92.724,12.777],[92.722,12.812],[92.744,12.839],[92.777,12.827],[92.769,12.861],[92.791,12.889],[92.826,12.889],[92.86,12.878],[92.891,12.896],[92.899,12.916]]],[[[92.774,12.931],[92.774,12.931]]],[[[92.877,12.932],[92.877,12.932]]],[[[92.766,12.933],[92.766,12.933]]],[[[92.893,12.937],[92.893,12.937]]],[[[92.901,12.941],[92.901,12.941]]],[[[92.672,12.948],[92.672,12.948]]],[[[92.669,12.953],[92.669,12.953]]],[[[92.696,12.992],[92.72,12.966],[92.721,12.931],[92.722,12.896],[92.714,12.862],[92.69,12.835],[92.675,12.803],[92.657,12.833],[92.651,12.868],[92.666,12.9],[92.637,12.92],[92.672,12.923],[92.67,12.958],[92.688,12.989],[92.696,12.992]]],[[[93.007,12.997],[92.983,12.971],[92.983,12.934],[92.956,12.958],[92.983,12.981],[93.007,12.997]]],[[[92.988,12.998],[92.988,12.998]]],[[[92.912,13.003],[92.912,13.003]]],[[[92.95,13.021],[92.95,13.021]]],[[[92.926,13.024],[92.926,13.024]]],[[[92.919,13.04],[92.919,13.04]]],[[[92.934,13.049],[92.934,13.049]]],[[[92.917,13.058],[92.917,13.058]]],[[[92.731,13.096],[92.731,13.096]]],[[[92.719,13.099],[92.719,13.099]]],[[[92.795,13.171],[92.795,13.171]]],[[[93.061,13.221],[93.061,13.221]]],[[[93.017,13.284],[93.017,13.284]]],[[[93.075,13.303],[93.075,13.303]]],[[[93.019,13.33],[93.019,13.33]]],[[[92.968,13.333],[92.968,13.333]]],[[[93.016,13.339],[93.016,13.339]]],[[[93.037,13.341],[93.037,13.341]]],[[[93.077,13.365],[93.077,13.365]]],[[[93.083,13.367],[93.083,13.367]]],[[[93.062,13.383],[93.062,13.383]]],[[[92.866,13.414],[92.866,13.414]]],[[[92.813,13.42],[92.813,13.42]]],[[[93.094,13.418],[93.094,13.418]]],[[[93.072,13.426],[93.072,13.426]]],[[[93.099,13.436],[93.099,13.436]]],[[[92.843,13.441],[92.843,13.441]]],[[[94.273,13.464],[94.263,13.43],[94.271,13.465],[94.273,13.464]]],[[[92.874,13.512],[92.874,13.512]]],[[[92.919,13.516],[92.919,13.516]]],[[[92.91,13.537],[92.91,13.537]]],[[[92.875,13.541],[92.875,13.541]]],[[[93.008,13.555],[93.008,13.555]]],[[[93.057,13.566],[93.057,13.566]]],[[[93.029,13.573],[93.041,13.538],[93.042,13.503],[93.034,13.467],[93.025,13.433],[93.045,13.404],[93.028,13.373],[93.062,13.363],[93.089,13.339],[93.071,13.31],[93.04,13.328],[93.039,13.363],[93.006,13.353],[92.97,13.355],[92.981,13.321],[93.013,13.307],[93.032,13.276],[93.058,13.253],[93.044,13.221],[93.035,13.187],[93.036,13.151],[93.032,13.117],[93.035,13.082],[93.02,13.05],[92.99,13.031],[92.958,13.017],[92.934,13.044],[92.938,13.079],[92.908,13.061],[92.905,13.025],[92.917,12.992],[92.929,12.959],[92.906,12.986],[92.877,12.966],[92.861,12.934],[92.873,12.901],[92.847,12.877],[92.818,12.898],[92.795,12.925],[92.792,12.96],[92.815,12.987],[92.791,13.012],[92.793,13.048],[92.797,13.083],[92.821,13.109],[92.842,13.139],[92.81,13.153],[92.822,13.186],[92.827,13.221],[92.852,13.247],[92.825,13.271],[92.842,13.302],[92.833,13.336],[92.839,13.371],[92.844,13.406],[92.874,13.424],[92.876,13.459],[92.902,13.483],[92.925,13.509],[92.947,13.537],[92.981,13.527],[92.985,13.562],[93.014,13.543],[93.026,13.577],[93.029,13.573]]],[[[92.897,13.602],[92.897,13.602]]],[[[93.064,13.654],[93.049,13.623],[93.063,13.655],[93.064,13.654]]],[[[93.024,13.671],[93.024,13.671]]],[[[93.016,13.676],[93.028,13.643],[92.993,13.645],[93.012,13.675],[93.016,13.676]]],[[[93.224,14.016],[93.232,13.982],[93.22,14.014],[93.224,14.016]]],[[[93.367,14.048],[93.367,14.048]]],[[[93.384,14.128],[93.384,14.128]]],[[[93.366,14.156],[93.377,14.123],[93.372,14.088],[93.36,14.121],[93.364,14.156],[93.366,14.156]]],[[[93.357,14.193],[93.357,14.193]]],[[[93.37,14.193],[93.37,14.193]]],[[[93.551,14.784],[93.551,14.784]]],[[[93.571,14.846],[93.571,14.846]]],[[[93.572,14.859],[93.572,14.859]]],[[[93.573,14.87],[93.573,14.87]]],[[[93.641,14.902],[93.628,14.87],[93.612,14.838],[93.613,14.873],[93.636,14.901],[93.641,14.902]]],[[[93.648,14.935],[93.648,14.935]]]]}},{"type":"Feature","id":2,"properties":{"id":2,"name":"Andhra Pradesh","type":"State"},"geometry":{"type":"MultiPolygon","coordinates":[[[[80.275,13.46],[80.275,13.46]]],[[[80.227,13.494],[80.227,13.494]]],[[[80.232,13.495],[80.232,13.495]]],[[[80.265,13.52],[80.265,13.52]]],[[[80.193,13.521],[80.193,13.521]]],[[[80.185,13.535],[80.185,13.535]]],[[[80.053,13.589],[80.053,13.589]]],[[[80.149,13.618],[80.167,13.588],[80.153,13.555],[80.128,13.579],[80.143,13.61],[80.149,13.618]]],[[[80.097,13.642],[80.097,13.642]]],[[[80.107,13.653],[80.107,13.653]]],[[[80.103,13.678],[80.103,13.678]]],[[[80.06,15.2],[80.06,15.2]]],[[[80.211,15.502],[80.211,15.502]]],[[[81.028,15.766],[81.028,15.766]]],[[[80.783,15.838],[80.783,15.838]]],[[[80.788,15.843],[80.788,15.843]]],[[[80.786,15.857],[80.786,15.857]]],[[[80.773,15.862],[80.773,15.862]]],[[[81.542,16.355],[81.542,16.355]]],[[[81.535,16.356],[81.535,16.356]]],[[[82.317,16.577],[82.317,16.577]]],[[[82.262,16.678],[82.262,16.678]]],[[[82.3,16.714],[82.3,16.714]]],[[[82.308,16.717],[82.308,16.717]]],[[[82.315,16.726],[82.315,16.726]]],[[[82.332,16.725],[82.332,16.725]]],[[[82.332,16.725],[82.367,16.724],[82.348,16.695],[82.326,16.667],[82.318,16.633],[82.284,16.642],[82.266,16.674],[82.293,16.697],[82.324,16.713],[82.332,16.725]]],[[[83.172,17.569],[83.172,17.569]]],[[[83.306,17.685],[83.306,17.685]]],[[[83.312,17.685],[83.312,17.685]]],[[[83.27,17.709],[83.27,17.709]]],[[[82.3,16.714],[82.264,16.719],[82.227,16.717],[82.218,16.752],[82.189,16.727],[82.227,16.705],[82.259,16.689],[82.254,16.653],[82.282,16.632],[82.271,16.598],[82.27,16.563],[82.306,16.569],[82.274,16.554],[82.241,16.543],[82.208,16.53],[82.177,16.514],[82.145,16.499],[82.112,16.487],[82.083,16.468],[82.052,16.451],[82.021,16.434],[81.99,16.418],[81.958,16.403],[81.923,16.393],[81.889,16.385],[81.854,16.375],[81.822,16.36],[81.791,16.343],[81.76,16.328],[81.727,16.314],[81.695,16.328],[81.66,16.333],[81.625,16.337],[81.588,16.342],[81.553,16.351],[81.518,16.358],[81.481,16.353],[81.445,16.351],[81.409,16.344],[81.378,16.362],[81.353,16.337],[81.381,16.36],[81.362,16.331],[81.328,16.318],[81.297,16.3],[81.269,16.279],[81.246,16.253],[81.226,16.224],[81.212,16.191],[81.203,16.157],[81.196,16.122],[81.182,16.09],[81.165,16.059],[81.148,16.028],[81.14,15.994],[81.127,15.962],[81.1,15.939],[81.074,15.915],[81.051,15.888],[81.027,15.863],[81.007,15.834],[80.996,15.8],[81.011,15.768],[80.987,15.743],[80.954,15.728],[80.919,15.721],[80.884,15.715],[80.848,15.711],[80.815,15.723],[80.795,15.752],[80.78,15.785],[80.797,15.754],[80.802,15.789],[80.811,15.823],[80.793,15.853],[80.76,15.867],[80.725,15.877],[80.69,15.881],[80.655,15.879],[80.618,15.873],[80.584,15.865],[80.55,15.855],[80.517,15.842],[80.483,15.83],[80.452,15.815],[80.42,15.798],[80.389,15.781],[80.36,15.762],[80.333,15.74],[80.307,15.715],[80.284,15.689],[80.264,15.66],[80.249,15.628],[80.237,15.595],[80.228,15.561],[80.221,15.526],[80.2,15.497],[80.198,15.462],[80.177,15.435],[80.153,15.408],[80.131,15.381],[80.113,15.351],[80.101,15.318],[80.088,15.285],[80.084,15.25],[80.088,15.213],[80.053,15.207],[80.077,15.182],[80.064,15.149],[80.053,15.115],[80.048,15.077],[80.05,15.038],[80.054,15.003],[80.061,14.968],[80.068,14.933],[80.08,14.9],[80.086,14.86],[80.088,14.824],[80.096,14.79],[80.106,14.756],[80.127,14.726],[80.145,14.696],[80.154,14.661],[80.164,14.627],[80.187,14.601],[80.193,14.566],[80.178,14.534],[80.179,14.498],[80.176,14.461],[80.173,14.426],[80.172,14.39],[80.168,14.354],[80.156,14.322],[80.143,14.288],[80.137,14.253],[80.13,14.218],[80.127,14.183],[80.127,14.148],[80.127,14.112],[80.137,14.077],[80.145,14.043],[80.156,14.009],[80.167,13.976],[80.158,14.01],[80.174,13.978],[80.188,13.946],[80.201,13.913],[80.217,13.882],[80.228,13.849],[80.245,13.817],[80.252,13.781],[80.243,13.747],[80.236,13.709],[80.233,13.673],[80.237,13.638],[80.248,13.604],[80.264,13.572],[80.278,13.54],[80.29,13.506],[80.301,13.472],[80.315,13.437],[80.288,13.459],[80.282,13.5],[80.269,13.532],[80.26,13.566],[80.241,13.596],[80.218,13.623],[80.19,13.643],[80.18,13.677],[80.155,13.702],[80.143,13.668],[80.144,13.633],[80.11,13.64],[80.125,13.672],[80.107,13.703],[80.102,13.667],[80.078,13.642],[80.072,13.607],[80.065,13.573],[80.088,13.547],[80.11,13.519],[80.143,13.507],[80.176,13.494],[80.212,13.487],[80.246,13.479],[80.27,13.453],[80.269,13.418],[80.303,13.424],[80.315,13.38],[80.279,13.387],[80.265,13.421],[80.254,13.456],[80.222,13.48],[80.182,13.478],[80.145,13.485],[80.107,13.504],[80.079,13.529],[80.034,13.522],[79.994,13.53],[80.019,13.502],[79.995,13.459],[79.962,13.444],[79.951,13.408],[79.948,13.367],[79.926,13.336],[79.892,13.325],[79.856,13.308],[79.808,13.305],[79.78,13.282],[79.741,13.277],[79.775,13.234],[79.752,13.205],[79.719,13.223],[79.685,13.234],[79.679,13.269],[79.644,13.273],[79.605,13.267],[79.571,13.247],[79.546,13.274],[79.536,13.311],[79.498,13.315],[79.455,13.324],[79.417,13.322],[79.375,13.303],[79.405,13.285],[79.409,13.247],[79.417,13.212],[79.393,13.184],[79.365,13.16],[79.35,13.125],[79.312,13.114],[79.278,13.12],[79.251,13.146],[79.215,13.128],[79.207,13.091],[79.181,13.067],[79.177,13.03],[79.142,13.01],[79.104,13.024],[79.069,13.014],[79.044,13.044],[79.011,13.058],[78.98,13.077],[78.946,13.064],[78.911,13.056],[78.927,13.023],[78.89,13.02],[78.88,13.07],[78.844,13.071],[78.808,13.078],[78.778,13.053],[78.74,13.045],[78.702,13.056],[78.696,13.013],[78.651,13.018],[78.628,12.99],[78.638,12.954],[78.647,12.919],[78.616,12.893],[78.604,12.857],[78.596,12.815],[78.583,12.776],[78.554,12.746],[78.546,12.707],[78.511,12.722],[78.488,12.693],[78.474,12.659],[78.46,12.62],[78.425,12.615],[78.386,12.614],[78.348,12.624],[78.309,12.65],[78.267,12.687],[78.233,12.694],[78.2,12.676],[78.227,12.715],[78.22,12.75],[78.235,12.788],[78.241,12.847],[78.303,12.847],[78.327,12.874],[78.338,12.913],[78.378,12.895],[78.417,12.889],[78.453,12.865],[78.443,12.904],[78.423,12.934],[78.426,12.97],[78.461,12.979],[78.45,13.015],[78.471,13.044],[78.505,13.059],[78.528,13.097],[78.537,13.137],[78.569,13.156],[78.542,13.18],[78.569,13.204],[78.569,13.244],[78.564,13.283],[78.529,13.276],[78.484,13.288],[78.448,13.303],[78.415,13.317],[78.379,13.317],[78.361,13.347],[78.371,13.391],[78.367,13.431],[78.367,13.467],[78.374,13.506],[78.386,13.544],[78.38,13.581],[78.344,13.578],[78.292,13.579],[78.25,13.574],[78.215,13.58],[78.189,13.556],[78.194,13.595],[78.166,13.621],[78.129,13.648],[78.094,13.64],[78.066,13.664],[78.1,13.683],[78.1,13.718],[78.106,13.757],[78.109,13.798],[78.114,13.841],[78.075,13.855],[78.048,13.885],[78.016,13.854],[77.97,13.827],[77.942,13.871],[77.978,13.893],[77.978,13.938],[77.939,13.925],[77.912,13.897],[77.888,13.928],[77.846,13.928],[77.808,13.923],[77.821,13.889],[77.811,13.852],[77.776,13.836],[77.755,13.808],[77.718,13.793],[77.713,13.751],[77.669,13.752],[77.614,13.76],[77.587,13.737],[77.556,13.716],[77.53,13.746],[77.528,13.707],[77.487,13.707],[77.45,13.676],[77.457,13.713],[77.462,13.749],[77.451,13.786],[77.415,13.8],[77.425,13.835],[77.381,13.831],[77.347,13.84],[77.311,13.851],[77.275,13.843],[77.244,13.86],[77.234,13.895],[77.212,13.861],[77.175,13.861],[77.182,13.901],[77.165,13.866],[77.13,13.85],[77.158,13.825],[77.158,13.787],[77.138,13.756],[77.095,13.761],[77.06,13.739],[77.035,13.769],[77.011,13.733],[76.989,13.76],[76.984,13.804],[76.986,13.839],[77.012,13.864],[77.028,13.897],[77.019,13.935],[76.989,13.957],[76.977,13.994],[76.945,14.011],[76.938,14.048],[76.974,14.058],[76.951,14.085],[76.927,14.127],[76.891,14.128],[76.917,14.158],[76.939,14.187],[76.973,14.174],[77.014,14.173],[77.015,14.132],[77.01,14.092],[77.024,14.053],[77.069,14.047],[77.104,14.041],[77.134,14.01],[77.171,14.009],[77.208,14.005],[77.256,14.021],[77.292,14.015],[77.33,13.995],[77.347,13.961],[77.343,13.912],[77.39,13.898],[77.426,13.902],[77.408,13.936],[77.431,13.969],[77.387,13.974],[77.375,14.012],[77.326,14.023],[77.35,14.053],[77.38,14.09],[77.345,14.096],[77.365,14.127],[77.39,14.154],[77.423,14.165],[77.463,14.164],[77.5,14.151],[77.501,14.193],[77.49,14.228],[77.496,14.272],[77.455,14.272],[77.442,14.31],[77.409,14.327],[77.374,14.305],[77.384,14.266],[77.406,14.237],[77.391,14.191],[77.364,14.223],[77.358,14.26],[77.321,14.273],[77.286,14.275],[77.281,14.331],[77.245,14.315],[77.21,14.313],[77.177,14.326],[77.141,14.336],[77.126,14.302],[77.107,14.262],[77.11,14.221],[77.075,14.209],[77.05,14.24],[77.013,14.235],[76.976,14.237],[76.938,14.24],[76.935,14.277],[76.923,14.31],[76.885,14.34],[76.883,14.39],[76.913,14.414],[76.943,14.44],[76.974,14.47],[76.907,14.484],[76.87,14.468],[76.844,14.509],[76.811,14.524],[76.786,14.553],[76.776,14.59],[76.77,14.656],[76.781,14.69],[76.798,14.735],[76.781,14.774],[76.817,14.782],[76.847,14.802],[76.849,14.839],[76.849,14.88],[76.864,14.912],[76.864,14.955],[76.828,14.951],[76.772,14.969],[76.78,15.006],[76.775,15.044],[76.782,15.079],[76.821,15.075],[76.861,15.057],[76.889,15.032],[76.932,15.026],[76.967,15.013],[77.001,15.03],[77.037,15.028],[77.061,15.002],[77.091,15.028],[77.118,15.051],[77.128,15.094],[77.154,15.121],[77.159,15.158],[77.158,15.194],[77.121,15.221],[77.14,15.252],[77.124,15.288],[77.11,15.321],[77.069,15.319],[77.043,15.352],[77.041,15.392],[77.03,15.426],[77.002,15.455],[76.976,15.482],[77.005,15.503],[77.024,15.576],[77.027,15.629],[77.069,15.641],[77.104,15.634],[77.11,15.671],[77.076,15.691],[77.063,15.724],[77.053,15.759],[77.067,15.796],[77.042,15.822],[77.041,15.864],[77.066,15.899],[77.105,15.925],[77.143,15.941],[77.181,15.95],[77.219,15.952],[77.258,15.954],[77.3,15.951],[77.335,15.943],[77.376,15.933],[77.416,15.938],[77.453,15.932],[77.497,15.926],[77.516,15.957],[77.508,15.996],[77.491,16.031],[77.503,16.073],[77.503,16.109],[77.488,16.147],[77.495,16.187],[77.511,16.223],[77.488,16.25],[77.519,16.271],[77.55,16.291],[77.59,16.287],[77.584,16.328],[77.549,16.345],[77.519,16.37],[77.481,16.378],[77.438,16.374],[77.401,16.366],[77.353,16.377],[77.307,16.394],[77.275,16.418],[77.252,16.453],[77.285,16.472],[77.324,16.481],[77.366,16.484],[77.389,16.512],[77.416,16.544],[77.437,16.581],[77.464,16.605],[77.471,16.644],[77.433,16.638],[77.446,16.674],[77.467,16.702],[77.43,16.712],[77.435,16.75],[77.467,16.777],[77.459,16.818],[77.46,16.855],[77.456,16.905],[77.464,16.94],[77.48,16.975],[77.499,17.007],[77.487,17.045],[77.468,17.081],[77.448,17.112],[77.412,17.121],[77.376,17.138],[77.368,17.176],[77.393,17.207],[77.418,17.233],[77.442,17.269],[77.448,17.313],[77.453,17.349],[77.492,17.356],[77.528,17.372],[77.511,17.413],[77.533,17.441],[77.573,17.43],[77.611,17.444],[77.634,17.472],[77.653,17.503],[77.684,17.473],[77.666,17.51],[77.633,17.523],[77.599,17.534],[77.561,17.554],[77.527,17.573],[77.502,17.541],[77.474,17.565],[77.44,17.581],[77.449,17.623],[77.449,17.666],[77.472,17.704],[77.505,17.715],[77.539,17.725],[77.566,17.764],[77.528,17.777],[77.526,17.812],[77.559,17.839],[77.573,17.873],[77.585,17.908],[77.619,17.922],[77.624,17.958],[77.65,17.986],[77.616,18.006],[77.585,18.025],[77.552,18.047],[77.577,18.077],[77.597,18.121],[77.579,18.162],[77.564,18.201],[77.573,18.241],[77.599,18.273],[77.561,18.283],[77.567,18.318],[77.527,18.339],[77.531,18.376],[77.555,18.418],[77.528,18.44],[77.567,18.439],[77.577,18.484],[77.596,18.515],[77.611,18.548],[77.649,18.553],[77.683,18.541],[77.728,18.552],[77.747,18.589],[77.736,18.631],[77.733,18.676],[77.758,18.707],[77.786,18.684],[77.802,18.716],[77.823,18.769],[77.837,18.807],[77.908,18.83],[77.943,18.822],[77.925,18.854],[77.899,18.884],[77.869,18.91],[77.854,18.952],[77.813,18.949],[77.787,18.984],[77.765,19.015],[77.761,19.051],[77.797,19.051],[77.8,19.095],[77.842,19.087],[77.834,19.133],[77.85,19.168],[77.853,19.205],[77.865,19.238],[77.9,19.256],[77.862,19.284],[77.888,19.312],[77.922,19.326],[77.963,19.332],[77.996,19.306],[78.027,19.279],[78.048,19.248],[78.095,19.25],[78.139,19.239],[78.183,19.242],[78.183,19.279],[78.196,19.314],[78.18,19.353],[78.188,19.396],[78.215,19.427],[78.252,19.43],[78.282,19.453],[78.312,19.479],[78.299,19.514],[78.285,19.55],[78.312,19.579],[78.299,19.623],[78.273,19.66],[78.305,19.688],[78.345,19.714],[78.361,19.754],[78.367,19.795],[78.336,19.819],[78.303,19.846],[78.308,19.908],[78.336,19.883],[78.374,19.879],[78.389,19.846],[78.429,19.823],[78.465,19.816],[78.494,19.793],[78.519,19.82],[78.558,19.816],[78.595,19.817],[78.635,19.804],[78.686,19.79],[78.716,19.767],[78.752,19.777],[78.797,19.769],[78.838,19.762],[78.857,19.731],[78.863,19.697],[78.859,19.656],[78.904,19.665],[78.944,19.665],[78.968,19.639],[78.971,19.597],[78.954,19.563],[78.993,19.562],[79.039,19.545],[79.074,19.529],[79.113,19.51],[79.157,19.486],[79.189,19.459],[79.223,19.468],[79.216,19.511],[79.239,19.542],[79.25,19.578],[79.244,19.613],[79.293,19.597],[79.314,19.566],[79.369,19.571],[79.402,19.54],[79.441,19.534],[79.47,19.497],[79.513,19.518],[79.535,19.548],[79.566,19.511],[79.601,19.508],[79.611,19.549],[79.64,19.575],[79.678,19.577],[79.713,19.583],[79.754,19.602],[79.793,19.58],[79.821,19.552],[79.856,19.517],[79.902,19.496],[79.933,19.469],[79.959,19.426],[79.973,19.392],[79.965,19.351],[79.964,19.307],[79.932,19.259],[79.919,19.215],[79.935,19.184],[79.906,19.142],[79.871,19.123],[79.861,19.06],[79.903,19.048],[79.933,19.03],[79.931,18.975],[79.941,18.938],[79.94,18.897],[79.939,18.859],[79.904,18.835],[79.916,18.797],[79.95,18.78],[79.993,18.774],[80.03,18.749],[80.053,18.718],[80.084,18.701],[80.111,18.676],[80.149,18.693],[80.189,18.676],[80.214,18.701],[80.26,18.714],[80.296,18.686],[80.308,18.652],[80.331,18.597],[80.367,18.605],[80.402,18.607],[80.45,18.626],[80.488,18.627],[80.518,18.603],[80.558,18.573],[80.596,18.549],[80.621,18.523],[80.645,18.484],[80.672,18.46],[80.699,18.436],[80.727,18.409],[80.724,18.372],[80.743,18.322],[80.757,18.285],[80.782,18.26],[80.757,18.23],[80.733,18.194],[80.754,18.164],[80.794,18.165],[80.819,18.192],[80.819,18.231],[80.859,18.226],[80.852,18.183],[80.855,18.147],[80.893,18.134],[80.932,18.149],[80.966,18.168],[80.949,18.123],[80.946,18.084],[80.964,18.05],[80.968,18.012],[80.974,17.977],[80.981,17.94],[80.997,17.895],[81.003,17.849],[81.032,17.79],[81.069,17.785],[81.098,17.817],[81.16,17.853],[81.213,17.833],[81.254,17.812],[81.298,17.81],[81.335,17.811],[81.374,17.805],[81.414,17.81],[81.459,17.825],[81.496,17.806],[81.554,17.816],[81.594,17.819],[81.631,17.83],[81.649,17.862],[81.683,17.879],[81.726,17.874],[81.758,17.893],[81.789,17.921],[81.82,17.945],[81.874,17.96],[81.914,17.98],[81.952,17.992],[81.986,18.014],[82.007,18.049],[82.045,18.046],[82.08,18.06],[82.119,18.051],[82.16,18.044],[82.177,18.011],[82.218,17.994],[82.253,17.98],[82.271,18.011],[82.267,18.048],[82.306,18.045],[82.343,18.068],[82.332,18.107],[82.333,18.142],[82.31,18.175],[82.333,18.216],[82.334,18.252],[82.367,18.271],[82.387,18.301],[82.349,18.306],[82.36,18.344],[82.384,18.369],[82.366,18.403],[82.397,18.452],[82.427,18.477],[82.45,18.511],[82.474,18.537],[82.498,18.506],[82.524,18.483],[82.521,18.447],[82.55,18.427],[82.532,18.393],[82.571,18.384],[82.601,18.366],[82.6,18.331],[82.58,18.301],[82.585,18.266],[82.613,18.239],[82.645,18.257],[82.665,18.291],[82.701,18.3],[82.734,18.313],[82.767,18.331],[82.778,18.371],[82.778,18.409],[82.799,18.439],[82.836,18.424],[82.87,18.406],[82.892,18.367],[82.928,18.361],[82.969,18.358],[83.003,18.377],[83.04,18.37],[83.064,18.396],[83.037,18.419],[83.016,18.448],[83.044,18.472],[83.069,18.502],[83.089,18.533],[83.051,18.535],[83.025,18.564],[83.054,18.586],[83.016,18.585],[83.017,18.623],[83.051,18.654],[83.071,18.689],[83.091,18.719],[83.117,18.748],[83.151,18.759],[83.185,18.744],[83.22,18.742],[83.255,18.759],[83.28,18.79],[83.314,18.796],[83.352,18.8],[83.383,18.826],[83.407,18.854],[83.379,18.88],[83.35,18.916],[83.361,18.953],[83.341,18.918],[83.326,18.95],[83.308,18.983],[83.335,19.007],[83.367,18.994],[83.405,18.993],[83.433,18.961],[83.449,18.993],[83.478,19.021],[83.457,19.056],[83.492,19.055],[83.514,19.025],[83.548,19.045],[83.582,19.063],[83.604,19.093],[83.601,19.128],[83.629,19.15],[83.651,19.118],[83.658,19.082],[83.684,19.044],[83.717,19.014],[83.726,18.976],[83.736,18.939],[83.763,18.907],[83.761,18.945],[83.74,18.978],[83.769,18.999],[83.803,18.982],[83.816,18.949],[83.817,18.909],[83.837,18.873],[83.859,18.843],[83.885,18.818],[83.921,18.812],[83.956,18.803],[83.992,18.805],[84.027,18.802],[84.049,18.771],[84.078,18.749],[84.114,18.755],[84.148,18.772],[84.187,18.78],[84.221,18.786],[84.259,18.775],[84.3,18.782],[84.334,18.795],[84.344,18.833],[84.369,18.859],[84.365,18.896],[84.41,18.891],[84.42,18.93],[84.435,18.963],[84.42,19.001],[84.463,18.983],[84.489,19.021],[84.527,19.039],[84.56,19.06],[84.575,19.027],[84.608,19.045],[84.648,19.056],[84.617,19.085],[84.596,19.115],[84.64,19.122],[84.665,19.157],[84.702,19.151],[84.698,19.116],[84.723,19.091],[84.761,19.071],[84.74,19.043],[84.72,19.015],[84.698,18.987],[84.668,18.969],[84.653,18.937],[84.627,18.914],[84.602,18.888],[84.581,18.86],[84.566,18.828],[84.554,18.795],[84.529,18.77],[84.501,18.749],[84.477,18.724],[84.455,18.697],[84.441,18.664],[84.415,18.64],[84.388,18.616],[84.365,18.59],[84.344,18.562],[84.325,18.532],[84.298,18.51],[84.271,18.488],[84.244,18.465],[84.218,18.441],[84.193,18.417],[84.168,18.392],[84.146,18.364],[84.127,18.334],[84.112,18.302],[84.082,18.283],[84.051,18.267],[84.019,18.252],[83.987,18.237],[83.956,18.22],[83.923,18.207],[83.889,18.197],[83.861,18.176],[83.828,18.164],[83.794,18.151],[83.762,18.135],[83.73,18.119],[83.7,18.102],[83.67,18.084],[83.642,18.062],[83.613,18.043],[83.585,18.022],[83.559,17.997],[83.545,17.965],[83.517,17.943],[83.487,17.925],[83.458,17.905],[83.444,17.873],[83.415,17.852],[83.413,17.817],[83.39,17.791],[83.366,17.765],[83.343,17.738],[83.32,17.712],[83.293,17.689],[83.266,17.711],[83.292,17.688],[83.275,17.657],[83.246,17.637],[83.23,17.606],[83.2,17.587],[83.17,17.57],[83.137,17.554],[83.104,17.544],[83.072,17.529],[83.039,17.516],[83.008,17.5],[82.988,17.471],[82.954,17.46],[82.923,17.443],[82.891,17.429],[82.86,17.413],[82.827,17.401],[82.795,17.386],[82.762,17.372],[82.73,17.357],[82.698,17.341],[82.667,17.324],[82.637,17.307],[82.606,17.289],[82.576,17.271],[82.547,17.252],[82.517,17.233],[82.489,17.212],[82.461,17.191],[82.435,17.168],[82.409,17.144],[82.383,17.12],[82.358,17.096],[82.332,17.072],[82.308,17.047],[82.29,17.017],[82.278,16.983],[82.27,16.949],[82.25,16.919],[82.263,16.886],[82.294,16.869],[82.332,16.855],[82.359,16.878],[82.363,16.914],[82.358,16.949],[82.335,16.977],[82.36,16.95],[82.365,16.915],[82.361,16.878],[82.358,16.843],[82.349,16.809],[82.345,16.773],[82.343,16.738],[82.311,16.724],[82.3,16.714]]]]}},{"type":"Feature","id":3,"properties":{"id":3,"name":"Arunachal Pradesh","type":"State"},"geometry":{"type":"Polygon","coordinates":[[[96.158,29.383],[96.18,29.356],[96.183,29.309],[96.208,29.282],[96.234,29.243],[96.283,29.235],[96.313,29.259],[96.351,29.272],[96.388,29.264],[96.38,29.227],[96.358,29.182],[96.31,29.169],[96.272,29.161],[96.239,29.148],[96.209,29.121],[96.18,29.092],[96.124,29.081],[96.15,29.053],[96.165,29.02],[96.185,28.988],[96.162,28.96],[96.163,28.922],[96.205,28.919],[96.248,28.943],[96.282,28.984],[96.314,29.008],[96.347,29.032],[96.389,29.034],[96.436,29.038],[96.469,29.056],[96.508,29.074],[96.499,29.031],[96.477,28.994],[96.493,28.962],[96.53,28.937],[96.536,28.897],[96.553,28.864],[96.576,28.83],[96.604,28.804],[96.616,28.765],[96.586,28.722],[96.532,28.711],[96.498,28.693],[96.487,28.659],[96.473,28.622],[96.439,28.601],[96.401,28.594],[96.371,28.564],[96.335,28.539],[96.361,28.51],[96.341,28.47],[96.31,28.446],[96.274,28.424],[96.305,28.405],[96.362,28.394],[96.392,28.363],[96.429,28.373],[96.447,28.407],[96.48,28.425],[96.52,28.423],[96.551,28.442],[96.58,28.463],[96.621,28.464],[96.66,28.466],[96.706,28.437],[96.74,28.427],[96.767,28.39],[96.797,28.371],[96.852,28.368],[96.894,28.386],[96.92,28.359],[96.953,28.34],[96.987,28.322],[97.023,28.326],[97.045,28.354],[97.079,28.365],[97.121,28.358],[97.152,28.334],[97.169,28.302],[97.214,28.299],[97.241,28.275],[97.282,28.276],[97.313,28.252],[97.35,28.236],[97.381,28.219],[97.359,28.188],[97.331,28.163],[97.34,28.125],[97.31,28.093],[97.332,28.065],[97.374,28.07],[97.39,28.037],[97.383,27.994],[97.376,27.944],[97.388,27.904],[97.35,27.891],[97.322,27.916],[97.281,27.92],[97.247,27.904],[97.22,27.877],[97.192,27.853],[97.164,27.827],[97.134,27.806],[97.098,27.789],[97.096,27.75],[97.062,27.757],[97.016,27.741],[97.001,27.708],[96.978,27.672],[96.942,27.667],[96.92,27.633],[96.899,27.6],[96.914,27.567],[96.934,27.537],[96.926,27.503],[96.911,27.468],[96.937,27.44],[96.966,27.415],[96.972,27.379],[96.997,27.355],[97.017,27.32],[97.044,27.29],[97.074,27.262],[97.095,27.221],[97.124,27.2],[97.153,27.168],[97.172,27.137],[97.147,27.104],[97.115,27.12],[97.079,27.11],[97.046,27.127],[97.013,27.147],[96.974,27.171],[96.928,27.175],[96.883,27.191],[96.866,27.224],[96.893,27.248],[96.862,27.273],[96.85,27.306],[96.817,27.33],[96.785,27.359],[96.748,27.364],[96.713,27.381],[96.676,27.371],[96.639,27.369],[96.603,27.361],[96.58,27.334],[96.55,27.315],[96.517,27.301],[96.479,27.308],[96.44,27.31],[96.402,27.299],[96.364,27.3],[96.32,27.298],[96.282,27.286],[96.241,27.284],[96.206,27.266],[96.164,27.254],[96.115,27.233],[96.069,27.213],[96.036,27.196],[96.017,27.155],[95.99,27.125],[95.963,27.082],[95.936,27.053],[95.901,27.032],[95.858,27.022],[95.815,27.022],[95.78,26.99],[95.762,26.959],[95.757,26.92],[95.731,26.887],[95.692,26.9],[95.655,26.893],[95.634,26.855],[95.612,26.821],[95.575,26.826],[95.533,26.831],[95.507,26.797],[95.489,26.762],[95.458,26.738],[95.435,26.708],[95.395,26.691],[95.356,26.677],[95.318,26.667],[95.283,26.663],[95.257,26.689],[95.23,26.717],[95.221,26.752],[95.243,26.785],[95.207,26.812],[95.209,26.851],[95.213,26.886],[95.232,26.918],[95.209,26.957],[95.195,26.99],[95.196,27.033],[95.232,27.043],[95.271,27.045],[95.297,27.073],[95.335,27.096],[95.366,27.113],[95.406,27.118],[95.441,27.133],[95.459,27.163],[95.462,27.203],[95.487,27.246],[95.516,27.269],[95.554,27.259],[95.59,27.23],[95.634,27.24],[95.679,27.254],[95.715,27.259],[95.757,27.274],[95.791,27.285],[95.838,27.287],[95.872,27.267],[95.905,27.286],[95.941,27.31],[95.969,27.332],[95.995,27.36],[96,27.398],[95.978,27.425],[95.943,27.446],[95.908,27.433],[95.865,27.429],[95.861,27.466],[95.879,27.499],[95.881,27.546],[95.852,27.566],[95.82,27.59],[95.796,27.618],[95.786,27.656],[95.793,27.692],[95.77,27.72],[95.781,27.758],[95.806,27.784],[95.829,27.814],[95.866,27.838],[95.894,27.861],[95.923,27.886],[95.952,27.923],[95.977,27.969],[95.826,27.977],[95.607,27.958],[95.571,27.942],[95.544,27.913],[95.516,27.882],[95.384,27.842],[95.317,27.871],[95.237,27.848],[95.195,27.834],[95.052,27.79],[95.019,27.772],[94.93,27.757],[94.884,27.742],[94.849,27.711],[94.8,27.697],[94.767,27.68],[94.728,27.668],[94.689,27.667],[94.648,27.642],[94.614,27.626],[94.574,27.607],[94.537,27.597],[94.5,27.577],[94.46,27.558],[94.436,27.584],[94.395,27.589],[94.356,27.577],[94.32,27.59],[94.276,27.593],[94.267,27.628],[94.226,27.618],[94.225,27.581],[94.257,27.557],[94.222,27.507],[94.187,27.491],[94.159,27.47],[94.123,27.435],[94.093,27.411],[94.069,27.374],[94.03,27.348],[93.998,27.328],[93.957,27.295],[93.919,27.257],[93.893,27.231],[93.867,27.199],[93.84,27.173],[93.809,27.152],[93.825,27.119],[93.834,27.083],[93.805,27.061],[93.77,27.056],[93.743,27.03],[93.706,27.008],[93.676,26.971],[93.64,26.965],[93.596,26.955],[93.545,26.952],[93.489,26.939],[93.448,26.954],[93.391,26.96],[93.348,26.963],[93.267,26.956],[93.222,26.949],[93.184,26.939],[93.109,26.927],[93.069,26.924],[93.019,26.917],[92.987,26.934],[92.951,26.949],[92.918,26.964],[92.9,26.996],[92.837,27.014],[92.785,27.031],[92.728,27.028],[92.682,27.032],[92.639,27.019],[92.585,26.962],[92.532,26.963],[92.491,26.965],[92.446,26.961],[92.412,26.944],[92.367,26.932],[92.32,26.928],[92.29,26.905],[92.255,26.912],[92.209,26.897],[92.169,26.892],[92.13,26.891],[92.117,26.932],[92.113,26.976],[92.097,27.01],[92.077,27.04],[92.042,27.06],[92.028,27.097],[92.034,27.133],[92.025,27.172],[92.056,27.19],[92.07,27.224],[92.05,27.257],[92.083,27.272],[92.119,27.276],[92.078,27.31],[92.06,27.345],[92.046,27.379],[92.044,27.425],[92.017,27.458],[91.982,27.468],[91.939,27.461],[91.899,27.468],[91.863,27.482],[91.828,27.469],[91.789,27.469],[91.75,27.474],[91.714,27.474],[91.69,27.503],[91.653,27.483],[91.628,27.508],[91.609,27.542],[91.567,27.575],[91.571,27.613],[91.567,27.652],[91.59,27.679],[91.624,27.706],[91.63,27.747],[91.63,27.783],[91.599,27.821],[91.56,27.821],[91.544,27.856],[91.584,27.856],[91.622,27.858],[91.662,27.858],[91.69,27.829],[91.721,27.81],[91.758,27.801],[91.799,27.808],[91.831,27.789],[91.853,27.759],[91.873,27.73],[91.908,27.726],[91.945,27.729],[91.973,27.76],[92.011,27.765],[92.049,27.757],[92.085,27.78],[92.12,27.811],[92.156,27.837],[92.189,27.852],[92.234,27.863],[92.271,27.845],[92.285,27.808],[92.307,27.779],[92.35,27.791],[92.383,27.816],[92.427,27.812],[92.467,27.815],[92.501,27.842],[92.534,27.824],[92.576,27.842],[92.605,27.878],[92.652,27.893],[92.686,27.919],[92.714,27.949],[92.739,27.989],[92.71,28.033],[92.681,28.059],[92.673,28.097],[92.694,28.13],[92.737,28.152],[92.783,28.184],[92.816,28.202],[92.847,28.183],[92.895,28.205],[92.913,28.235],[92.956,28.258],[92.987,28.242],[93.034,28.263],[93.023,28.297],[93.062,28.307],[93.111,28.315],[93.155,28.318],[93.194,28.318],[93.223,28.341],[93.222,28.378],[93.216,28.414],[93.181,28.433],[93.214,28.458],[93.254,28.492],[93.282,28.521],[93.297,28.558],[93.3,28.6],[93.331,28.623],[93.362,28.641],[93.405,28.652],[93.437,28.669],[93.474,28.654],[93.496,28.684],[93.524,28.661],[93.561,28.66],[93.607,28.656],[93.654,28.667],[93.7,28.68],[93.744,28.685],[93.775,28.669],[93.819,28.695],[93.858,28.706],[93.904,28.677],[93.944,28.689],[93.963,28.719],[93.978,28.759],[93.998,28.788],[93.998,28.831],[94.03,28.853],[94.057,28.886],[94.094,28.915],[94.136,28.94],[94.158,28.974],[94.172,29.007],[94.192,29.049],[94.215,29.084],[94.246,29.108],[94.278,29.135],[94.312,29.151],[94.35,29.15],[94.37,29.182],[94.4,29.205],[94.431,29.227],[94.467,29.222],[94.503,29.217],[94.546,29.223],[94.572,29.251],[94.589,29.286],[94.619,29.313],[94.628,29.349],[94.666,29.332],[94.704,29.308],[94.737,29.282],[94.767,29.253],[94.791,29.226],[94.793,29.18],[94.833,29.177],[94.872,29.184],[94.907,29.167],[94.957,29.16],[94.995,29.141],[95.029,29.157],[95.066,29.148],[95.103,29.14],[95.146,29.116],[95.197,29.108],[95.24,29.111],[95.25,29.077],[95.286,29.062],[95.331,29.051],[95.374,29.041],[95.41,29.034],[95.447,29.036],[95.474,29.066],[95.492,29.109],[95.504,29.143],[95.538,29.131],[95.546,29.168],[95.537,29.208],[95.58,29.217],[95.593,29.254],[95.631,29.249],[95.673,29.271],[95.702,29.3],[95.744,29.316],[95.765,29.345],[95.803,29.339],[95.84,29.354],[95.875,29.386],[95.935,29.384],[95.978,29.4],[96.015,29.421],[96.044,29.45],[96.081,29.463],[96.113,29.428],[96.15,29.399],[96.158,29.383]]]}},{"type":"Feature","id":4,"properties":{"id":4,"name":"Assam","type":"State"},"geometry":{"type":"MultiPolygon","coordinates":[[[[89.871,25.537],[89.88,25.496],[89.859,25.527],[89.871,25.537]]],[[[89.871,25.537],[89.871,25.537]]],[[[95.952,27.942],[95.938,27.903],[95.913,27.878],[95.877,27.842],[95.843,27.821],[95.811,27.794],[95.789,27.765],[95.763,27.733],[95.775,27.697],[95.779,27.661],[95.787,27.623],[95.821,27.605],[95.836,27.571],[95.867,27.551],[95.882,27.515],[95.878,27.476],[95.855,27.447],[95.89,27.44],[95.933,27.447],[95.967,27.437],[95.995,27.412],[96.015,27.375],[95.977,27.342],[95.941,27.31],[95.906,27.292],[95.878,27.267],[95.85,27.293],[95.81,27.281],[95.757,27.274],[95.721,27.258],[95.684,27.257],[95.637,27.237],[95.599,27.23],[95.563,27.253],[95.53,27.269],[95.491,27.249],[95.469,27.218],[95.464,27.182],[95.461,27.14],[95.42,27.131],[95.386,27.112],[95.349,27.105],[95.313,27.087],[95.278,27.057],[95.252,27.032],[95.214,27.033],[95.155,27.006],[95.117,26.984],[95.087,26.953],[95.038,26.938],[95.006,26.925],[94.971,26.928],[94.934,26.939],[94.894,26.937],[94.869,26.91],[94.846,26.877],[94.822,26.849],[94.797,26.819],[94.769,26.791],[94.738,26.769],[94.697,26.74],[94.659,26.725],[94.623,26.72],[94.589,26.702],[94.55,26.71],[94.516,26.687],[94.468,26.67],[94.434,26.625],[94.406,26.602],[94.408,26.561],[94.378,26.525],[94.352,26.499],[94.325,26.472],[94.292,26.49],[94.289,26.525],[94.29,26.564],[94.253,26.533],[94.229,26.503],[94.201,26.47],[94.176,26.432],[94.179,26.389],[94.168,26.353],[94.136,26.338],[94.104,26.322],[94.087,26.29],[94.065,26.262],[94.042,26.234],[94.031,26.199],[94.005,26.173],[94,26.136],[93.992,26.098],[93.981,26.059],[93.963,26.022],[93.958,25.982],[93.971,25.945],[93.961,25.906],[93.924,25.89],[93.899,25.864],[93.852,25.863],[93.821,25.832],[93.785,25.836],[93.791,25.874],[93.798,25.91],[93.791,25.944],[93.749,25.942],[93.717,25.922],[93.691,25.889],[93.706,25.853],[93.678,25.829],[93.641,25.818],[93.621,25.785],[93.588,25.768],[93.565,25.741],[93.546,25.71],[93.517,25.688],[93.5,25.657],[93.466,25.644],[93.431,25.629],[93.409,25.6],[93.383,25.576],[93.348,25.563],[93.358,25.528],[93.383,25.498],[93.396,25.464],[93.435,25.455],[93.465,25.423],[93.477,25.386],[93.454,25.348],[93.468,25.314],[93.439,25.287],[93.412,25.263],[93.388,25.232],[93.369,25.2],[93.349,25.167],[93.346,25.13],[93.336,25.096],[93.309,25.071],[93.268,25.05],[93.249,25.019],[93.253,24.983],[93.251,24.946],[93.242,24.911],[93.229,24.877],[93.197,24.856],[93.196,24.816],[93.162,24.797],[93.127,24.809],[93.101,24.778],[93.102,24.742],[93.089,24.709],[93.105,24.675],[93.089,24.634],[93.075,24.6],[93.107,24.584],[93.071,24.576],[93.053,24.545],[93.04,24.511],[93.049,24.475],[93.032,24.429],[93,24.403],[92.96,24.396],[92.925,24.402],[92.888,24.402],[92.852,24.392],[92.818,24.413],[92.794,24.444],[92.779,24.487],[92.765,24.521],[92.749,24.489],[92.731,24.453],[92.718,24.416],[92.703,24.384],[92.688,24.352],[92.652,24.335],[92.619,24.312],[92.617,24.275],[92.594,24.249],[92.551,24.246],[92.542,24.211],[92.53,24.176],[92.495,24.16],[92.467,24.135],[92.435,24.163],[92.419,24.194],[92.42,24.235],[92.377,24.251],[92.314,24.253],[92.26,24.25],[92.213,24.249],[92.264,24.362],[92.264,24.398],[92.257,24.433],[92.232,24.458],[92.236,24.494],[92.233,24.53],[92.235,24.57],[92.242,24.608],[92.252,24.642],[92.258,24.678],[92.279,24.71],[92.285,24.749],[92.293,24.784],[92.28,24.828],[92.248,24.843],[92.251,24.88],[92.271,24.911],[92.309,24.908],[92.339,24.889],[92.371,24.872],[92.405,24.855],[92.441,24.864],[92.476,24.875],[92.498,24.904],[92.489,24.938],[92.452,24.953],[92.424,24.983],[92.431,25.022],[92.463,25.037],[92.475,25.071],[92.484,25.108],[92.527,25.106],[92.553,25.131],[92.594,25.128],[92.63,25.125],[92.656,25.154],[92.677,25.182],[92.716,25.194],[92.752,25.207],[92.788,25.21],[92.77,25.24],[92.782,25.276],[92.785,25.312],[92.759,25.34],[92.736,25.374],[92.703,25.387],[92.674,25.417],[92.638,25.423],[92.605,25.442],[92.582,25.473],[92.606,25.508],[92.638,25.529],[92.657,25.563],[92.621,25.568],[92.587,25.553],[92.561,25.583],[92.545,25.614],[92.502,25.623],[92.481,25.664],[92.451,25.687],[92.442,25.721],[92.411,25.743],[92.371,25.746],[92.339,25.727],[92.294,25.717],[92.256,25.711],[92.211,25.696],[92.175,25.67],[92.158,25.701],[92.165,25.745],[92.155,25.779],[92.156,25.817],[92.175,25.847],[92.195,25.881],[92.225,25.902],[92.192,25.916],[92.158,25.939],[92.173,25.972],[92.207,25.988],[92.256,26.029],[92.302,26.076],[92.266,26.065],[92.228,26.068],[92.189,26.067],[92.151,26.065],[92.116,26.047],[92.081,26.044],[92.04,26.036],[92.003,26.038],[91.958,26.019],[91.927,26.002],[91.901,26.026],[91.87,26.052],[91.876,26.098],[91.827,26.118],[91.79,26.087],[91.731,26.059],[91.723,26.02],[91.72,25.978],[91.708,25.944],[91.679,25.917],[91.633,25.926],[91.638,25.965],[91.63,26],[91.602,26.023],[91.565,26.008],[91.551,25.975],[91.519,25.958],[91.502,25.921],[91.536,25.934],[91.509,25.91],[91.479,25.885],[91.514,25.871],[91.478,25.858],[91.444,25.841],[91.405,25.85],[91.37,25.844],[91.334,25.839],[91.306,25.796],[91.287,25.764],[91.255,25.748],[91.224,25.723],[91.189,25.739],[91.181,25.773],[91.191,25.811],[91.199,25.848],[91.162,25.849],[91.126,25.838],[91.081,25.829],[91.049,25.849],[91.021,25.823],[91.013,25.857],[90.997,25.889],[90.961,25.928],[90.918,25.943],[90.883,25.952],[90.843,25.945],[90.797,25.941],[90.778,25.908],[90.742,25.913],[90.744,25.949],[90.686,25.951],[90.654,25.93],[90.627,25.901],[90.629,25.937],[90.592,25.952],[90.553,25.929],[90.525,25.901],[90.534,25.936],[90.514,25.982],[90.49,26.01],[90.447,25.997],[90.411,26.006],[90.365,26.01],[90.33,25.989],[90.287,25.964],[90.227,25.955],[90.189,25.953],[90.154,25.96],[90.119,25.961],[90.088,25.936],[90.059,25.91],[90.021,25.893],[90.012,25.85],[89.976,25.834],[89.946,25.816],[89.955,25.782],[89.934,25.753],[89.899,25.744],[89.913,25.707],[89.942,25.678],[89.98,25.638],[90.018,25.608],[89.979,25.591],[89.949,25.568],[89.904,25.56],[89.87,25.544],[89.88,25.578],[89.887,25.621],[89.875,25.656],[89.854,25.684],[89.836,25.715],[89.843,25.751],[89.837,25.788],[89.815,25.817],[89.83,25.852],[89.849,25.883],[89.873,25.912],[89.847,25.936],[89.866,25.968],[89.85,26.001],[89.82,26.021],[89.79,26.04],[89.8,26.074],[89.784,26.106],[89.764,26.137],[89.734,26.157],[89.703,26.177],[89.726,26.206],[89.724,26.244],[89.729,26.283],[89.751,26.321],[89.779,26.343],[89.81,26.367],[89.845,26.384],[89.848,26.42],[89.869,26.448],[89.853,26.488],[89.862,26.53],[89.865,26.566],[89.875,26.601],[89.857,26.632],[89.871,26.666],[89.861,26.7],[89.862,26.737],[89.897,26.724],[89.94,26.723],[89.985,26.727],[90.02,26.731],[90.055,26.729],[90.095,26.74],[90.146,26.755],[90.189,26.771],[90.184,26.81],[90.204,26.844],[90.244,26.858],[90.29,26.848],[90.341,26.872],[90.38,26.899],[90.422,26.898],[90.454,26.872],[90.5,26.842],[90.539,26.816],[90.573,26.799],[90.615,26.795],[90.649,26.774],[90.694,26.771],[90.729,26.768],[90.772,26.774],[90.818,26.775],[90.871,26.78],[90.927,26.782],[90.971,26.785],[91.012,26.786],[91.054,26.779],[91.089,26.818],[91.13,26.808],[91.18,26.811],[91.217,26.809],[91.262,26.805],[91.295,26.785],[91.336,26.78],[91.373,26.796],[91.398,26.83],[91.437,26.817],[91.468,26.798],[91.511,26.793],[91.56,26.8],[91.6,26.809],[91.654,26.815],[91.687,26.805],[91.727,26.813],[91.759,26.829],[91.802,26.852],[91.832,26.876],[91.853,26.912],[91.889,26.917],[91.923,26.904],[91.96,26.878],[91.994,26.855],[92.029,26.85],[92.071,26.857],[92.099,26.882],[92.148,26.891],[92.195,26.891],[92.255,26.912],[92.29,26.905],[92.32,26.928],[92.364,26.933],[92.4,26.926],[92.442,26.955],[92.484,26.965],[92.532,26.963],[92.585,26.962],[92.645,26.987],[92.65,27.025],[92.702,27.028],[92.769,27.033],[92.824,27.018],[92.872,27.008],[92.917,26.985],[92.951,26.949],[92.987,26.934],[93.019,26.917],[93.06,26.921],[93.109,26.927],[93.184,26.939],[93.222,26.949],[93.267,26.956],[93.348,26.963],[93.391,26.96],[93.437,26.956],[93.468,26.939],[93.526,26.949],[93.571,26.954],[93.624,26.964],[93.676,26.971],[93.701,26.997],[93.734,27.027],[93.768,27.043],[93.797,27.071],[93.832,27.073],[93.827,27.112],[93.798,27.134],[93.827,27.169],[93.857,27.191],[93.886,27.224],[93.919,27.257],[93.957,27.295],[93.986,27.321],[94.026,27.348],[94.061,27.364],[94.086,27.405],[94.117,27.431],[94.154,27.46],[94.187,27.491],[94.222,27.507],[94.259,27.523],[94.241,27.57],[94.223,27.601],[94.245,27.636],[94.272,27.603],[94.308,27.596],[94.345,27.585],[94.38,27.585],[94.421,27.601],[94.45,27.575],[94.491,27.575],[94.526,27.596],[94.564,27.607],[94.596,27.621],[94.631,27.628],[94.665,27.648],[94.698,27.667],[94.737,27.666],[94.772,27.684],[94.818,27.697],[94.854,27.732],[94.93,27.757],[94.987,27.771],[95.031,27.775],[95.195,27.834],[95.237,27.848],[95.293,27.865],[95.384,27.842],[95.516,27.882],[95.544,27.906],[95.571,27.942],[95.607,27.958],[95.826,27.977],[95.957,27.969],[95.952,27.942]]]]}},{"type":"Feature","id":5,"properties":{"id":5,"name":"Bihar","type":"State"},"geometry":{"type":"MultiPolygon","coordinates":[[[[88.105,26.539],[88.105,26.539]]],[[[84.12,27.514],[84.151,27.489],[84.185,27.473],[84.209,27.446],[84.246,27.455],[84.275,27.429],[84.286,27.395],[84.318,27.383],[84.359,27.374],[84.394,27.368],[84.434,27.37],[84.468,27.357],[84.505,27.356],[84.567,27.347],[84.604,27.338],[84.645,27.306],[84.684,27.236],[84.683,27.2],[84.679,27.163],[84.681,27.127],[84.67,27.093],[84.647,27.065],[84.675,27.035],[84.712,27.021],[84.754,27.005],[84.791,27.009],[84.825,27.021],[84.857,27.007],[84.891,26.977],[84.926,26.967],[84.964,26.96],[84.974,26.926],[85.004,26.903],[85.044,26.891],[85.025,26.856],[85.06,26.849],[85.09,26.867],[85.127,26.87],[85.168,26.868],[85.194,26.844],[85.179,26.812],[85.195,26.779],[85.23,26.761],[85.286,26.754],[85.325,26.745],[85.357,26.76],[85.394,26.775],[85.431,26.786],[85.466,26.789],[85.499,26.808],[85.532,26.825],[85.568,26.841],[85.602,26.854],[85.637,26.872],[85.683,26.843],[85.723,26.82],[85.737,26.784],[85.736,26.737],[85.727,26.703],[85.732,26.667],[85.755,26.638],[85.802,26.624],[85.833,26.601],[85.852,26.568],[85.886,26.582],[85.915,26.604],[85.95,26.613],[85.959,26.649],[86.002,26.655],[86.05,26.661],[86.09,26.643],[86.13,26.63],[86.164,26.615],[86.199,26.601],[86.233,26.592],[86.263,26.615],[86.308,26.619],[86.347,26.616],[86.387,26.597],[86.433,26.573],[86.488,26.549],[86.524,26.543],[86.554,26.523],[86.581,26.495],[86.615,26.486],[86.679,26.454],[86.71,26.436],[86.746,26.427],[86.767,26.458],[86.803,26.447],[86.838,26.44],[86.871,26.454],[86.894,26.486],[86.932,26.489],[86.949,26.521],[86.993,26.523],[87.036,26.557],[87.074,26.585],[87.075,26.542],[87.088,26.485],[87.094,26.45],[87.13,26.423],[87.164,26.404],[87.204,26.413],[87.248,26.414],[87.268,26.374],[87.304,26.366],[87.338,26.351],[87.359,26.388],[87.385,26.413],[87.422,26.422],[87.465,26.439],[87.519,26.431],[87.555,26.405],[87.59,26.392],[87.63,26.393],[87.681,26.415],[87.716,26.425],[87.756,26.409],[87.78,26.436],[87.792,26.469],[87.828,26.452],[87.864,26.45],[87.888,26.476],[87.926,26.446],[87.968,26.397],[87.995,26.369],[88.033,26.365],[88.047,26.397],[88.081,26.42],[88.099,26.452],[88.108,26.489],[88.107,26.526],[88.141,26.512],[88.168,26.537],[88.204,26.54],[88.186,26.5],[88.215,26.47],[88.243,26.449],[88.268,26.422],[88.236,26.396],[88.268,26.381],[88.292,26.354],[88.258,26.334],[88.236,26.305],[88.211,26.28],[88.177,26.262],[88.141,26.25],[88.112,26.226],[88.088,26.198],[88.059,26.174],[88.018,26.156],[87.982,26.159],[87.957,26.129],[87.966,26.092],[87.935,26.071],[87.896,26.08],[87.863,26.056],[87.839,26.023],[87.826,25.988],[87.827,25.95],[87.804,25.921],[87.818,25.888],[87.85,25.867],[87.899,25.86],[87.883,25.829],[87.901,25.78],[87.937,25.768],[87.957,25.735],[87.993,25.719],[88.016,25.692],[88.051,25.686],[88.045,25.648],[88.04,25.61],[88.03,25.574],[88.036,25.537],[88.067,25.516],[88.07,25.481],[88.035,25.493],[87.998,25.495],[87.972,25.523],[87.938,25.535],[87.903,25.519],[87.87,25.503],[87.864,25.468],[87.828,25.459],[87.793,25.442],[87.771,25.412],[87.774,25.372],[87.784,25.332],[87.82,25.313],[87.851,25.293],[87.849,25.253],[87.834,25.213],[87.788,25.22],[87.763,25.249],[87.721,25.253],[87.696,25.279],[87.659,25.31],[87.623,25.311],[87.589,25.322],[87.547,25.331],[87.538,25.296],[87.499,25.292],[87.473,25.241],[87.472,25.195],[87.417,25.215],[87.377,25.223],[87.33,25.217],[87.311,25.17],[87.3,25.135],[87.295,25.1],[87.259,25.105],[87.227,25.088],[87.188,25.067],[87.158,25.031],[87.154,24.991],[87.151,24.956],[87.148,24.918],[87.157,24.881],[87.13,24.857],[87.1,24.835],[87.096,24.798],[87.083,24.765],[87.081,24.729],[87.071,24.695],[87.055,24.661],[87.044,24.624],[87.01,24.606],[86.98,24.625],[86.945,24.631],[86.91,24.601],[86.901,24.567],[86.862,24.56],[86.826,24.566],[86.802,24.597],[86.769,24.616],[86.746,24.59],[86.71,24.574],[86.668,24.561],[86.634,24.577],[86.609,24.602],[86.583,24.573],[86.558,24.548],[86.524,24.536],[86.498,24.498],[86.484,24.459],[86.473,24.423],[86.466,24.385],[86.431,24.376],[86.401,24.396],[86.368,24.424],[86.333,24.44],[86.299,24.454],[86.302,24.494],[86.301,24.532],[86.311,24.568],[86.274,24.583],[86.239,24.597],[86.195,24.585],[86.157,24.589],[86.126,24.612],[86.123,24.648],[86.129,24.69],[86.111,24.724],[86.063,24.752],[86.034,24.776],[86,24.751],[85.966,24.732],[85.928,24.74],[85.902,24.77],[85.878,24.8],[85.842,24.808],[85.786,24.799],[85.747,24.82],[85.721,24.787],[85.706,24.752],[85.696,24.717],[85.65,24.687],[85.661,24.651],[85.671,24.599],[85.633,24.581],[85.598,24.598],[85.563,24.591],[85.556,24.557],[85.518,24.525],[85.494,24.551],[85.457,24.539],[85.411,24.545],[85.37,24.53],[85.332,24.526],[85.288,24.528],[85.27,24.498],[85.235,24.48],[85.199,24.467],[85.163,24.467],[85.169,24.432],[85.127,24.412],[85.096,24.391],[85.076,24.422],[85.04,24.424],[84.99,24.412],[84.969,24.376],[84.925,24.378],[84.892,24.399],[84.88,24.432],[84.867,24.467],[84.834,24.453],[84.833,24.511],[84.795,24.529],[84.763,24.502],[84.725,24.473],[84.684,24.459],[84.666,24.428],[84.658,24.394],[84.623,24.404],[84.582,24.401],[84.546,24.374],[84.519,24.346],[84.505,24.306],[84.468,24.305],[84.455,24.339],[84.417,24.331],[84.395,24.368],[84.361,24.387],[84.326,24.411],[84.315,24.448],[84.294,24.481],[84.326,24.497],[84.312,24.534],[84.293,24.566],[84.265,24.541],[84.221,24.55],[84.182,24.547],[84.179,24.51],[84.15,24.54],[84.14,24.505],[84.11,24.481],[84.087,24.515],[84.077,24.552],[84.061,24.589],[84.038,24.619],[84.002,24.635],[83.972,24.597],[83.948,24.567],[83.918,24.546],[83.879,24.537],[83.841,24.535],[83.799,24.53],[83.749,24.511],[83.702,24.507],[83.663,24.516],[83.6,24.513],[83.547,24.524],[83.51,24.528],[83.525,24.567],[83.517,24.603],[83.524,24.642],[83.499,24.668],[83.492,24.705],[83.475,24.738],[83.434,24.757],[83.403,24.777],[83.396,24.811],[83.381,24.843],[83.356,24.869],[83.351,24.906],[83.358,24.946],[83.34,24.979],[83.328,25.016],[83.321,25.052],[83.337,25.086],[83.357,25.124],[83.343,25.159],[83.35,25.199],[83.385,25.206],[83.402,25.238],[83.44,25.259],[83.48,25.282],[83.518,25.293],[83.547,25.316],[83.584,25.325],[83.62,25.329],[83.645,25.358],[83.686,25.369],[83.715,25.399],[83.751,25.405],[83.797,25.408],[83.818,25.437],[83.848,25.471],[83.871,25.503],[83.896,25.528],[83.917,25.558],[83.956,25.575],[83.992,25.601],[84.028,25.623],[84.077,25.638],[84.074,25.673],[84.083,25.713],[84.123,25.724],[84.168,25.722],[84.197,25.692],[84.233,25.664],[84.268,25.663],[84.312,25.672],[84.323,25.723],[84.354,25.744],[84.394,25.729],[84.424,25.695],[84.455,25.71],[84.489,25.691],[84.525,25.684],[84.53,25.725],[84.552,25.684],[84.559,25.722],[84.596,25.739],[84.631,25.728],[84.603,25.758],[84.619,25.789],[84.587,25.82],[84.557,25.838],[84.526,25.855],[84.485,25.889],[84.444,25.89],[84.409,25.924],[84.365,25.951],[84.314,25.948],[84.275,25.961],[84.24,25.983],[84.202,26.001],[84.166,25.992],[84.159,26.032],[84.128,26.056],[84.091,26.097],[84.049,26.1],[84.034,26.137],[84.014,26.167],[84.024,26.201],[84.006,26.234],[84.047,26.23],[84.082,26.227],[84.113,26.25],[84.153,26.245],[84.17,26.277],[84.179,26.312],[84.167,26.36],[84.131,26.382],[84.092,26.39],[84.055,26.4],[84.022,26.425],[83.993,26.448],[83.946,26.438],[83.908,26.45],[83.905,26.494],[83.93,26.525],[83.963,26.509],[83.99,26.53],[84.031,26.536],[84.055,26.568],[84.079,26.594],[84.084,26.631],[84.121,26.635],[84.167,26.624],[84.204,26.621],[84.24,26.61],[84.277,26.601],[84.311,26.615],[84.351,26.62],[84.395,26.626],[84.402,26.671],[84.367,26.679],[84.326,26.684],[84.311,26.734],[84.279,26.751],[84.247,26.729],[84.225,26.757],[84.248,26.793],[84.251,26.831],[84.235,26.864],[84.197,26.861],[84.169,26.835],[84.132,26.856],[84.122,26.893],[84.09,26.877],[84.052,26.892],[84.048,26.932],[84.046,26.968],[84.043,27.003],[84.041,27.045],[83.995,27.061],[84.016,27.092],[83.978,27.093],[83.941,27.09],[83.951,27.126],[83.967,27.161],[83.979,27.2],[83.955,27.231],[83.912,27.247],[83.898,27.279],[83.926,27.304],[83.898,27.33],[83.859,27.312],[83.856,27.348],[83.89,27.358],[83.907,27.39],[83.874,27.412],[83.915,27.441],[83.965,27.444],[84,27.443],[84.038,27.441],[84.064,27.467],[84.093,27.487],[84.11,27.521],[84.12,27.514]]],[[[87.306,27.843],[87.306,27.843]]],[[[87.263,27.851],[87.263,27.851]]],[[[87.263,27.851],[87.263,27.851]]]]}},{"type":"Feature","id":6,"properties":{"id":6,"name":"Chandigarh","type":"Union Territor"},"geometry":{"type":"Polygon","coordinates":[[[76.82,30.686],[76.771,30.678],[76.733,30.697],[76.716,30.729],[76.693,30.757],[76.729,30.776],[76.759,30.799],[76.796,30.786],[76.828,30.764],[76.834,30.724],[76.818,30.691],[76.82,30.686]]]}},{"type":"Feature","id":7,"properties":{"id":7,"name":"Chhattisgarh","type":"State"},"geometry":{"type":"Polygon","coordinates":[[[83.328,24.1],[83.383,24.1],[83.415,24.081],[83.448,24.042],[83.501,24.031],[83.507,23.991],[83.523,23.952],[83.537,23.915],[83.57,23.89],[83.59,23.856],[83.63,23.847],[83.666,23.826],[83.7,23.802],[83.727,23.76],[83.732,23.724],[83.715,23.69],[83.744,23.659],[83.765,23.621],[83.798,23.59],[83.838,23.581],[83.883,23.573],[83.922,23.565],[83.932,23.611],[83.975,23.631],[84.013,23.605],[84.025,23.566],[84.015,23.526],[83.997,23.493],[83.979,23.461],[83.978,23.421],[83.966,23.381],[83.993,23.356],[84.026,23.377],[84.061,23.343],[84.059,23.304],[84.051,23.247],[84.058,23.208],[84.034,23.168],[84.04,23.132],[84.067,23.107],[84.105,23.099],[84.132,23.067],[84.125,23.031],[84.138,22.998],[84.148,22.964],[84.169,22.995],[84.19,23.024],[84.212,22.986],[84.251,22.971],[84.289,22.962],[84.325,22.979],[84.361,22.975],[84.382,22.946],[84.376,22.909],[84.376,22.874],[84.342,22.859],[84.318,22.817],[84.29,22.787],[84.26,22.765],[84.23,22.74],[84.228,22.698],[84.215,22.665],[84.18,22.65],[84.132,22.636],[84.094,22.633],[84.059,22.607],[84.021,22.587],[84.004,22.555],[83.98,22.522],[83.997,22.491],[84.035,22.47],[84.04,22.433],[84.014,22.404],[84.004,22.368],[83.967,22.358],[83.93,22.356],[83.897,22.34],[83.861,22.344],[83.829,22.324],[83.816,22.291],[83.779,22.275],[83.753,22.243],[83.7,22.246],[83.665,22.232],[83.626,22.206],[83.606,22.158],[83.567,22.114],[83.583,22.08],[83.551,22.056],[83.534,22.022],[83.54,21.985],[83.549,21.95],[83.588,21.926],[83.583,21.891],[83.584,21.853],[83.549,21.835],[83.539,21.801],[83.498,21.806],[83.467,21.783],[83.477,21.746],[83.467,21.711],[83.432,21.694],[83.441,21.655],[83.475,21.641],[83.463,21.606],[83.448,21.645],[83.414,21.636],[83.381,21.613],[83.362,21.573],[83.354,21.535],[83.338,21.503],[83.343,21.465],[83.37,21.436],[83.39,21.402],[83.393,21.365],[83.335,21.356],[83.302,21.368],[83.266,21.345],[83.254,21.312],[83.271,21.281],[83.232,21.265],[83.219,21.224],[83.21,21.188],[83.193,21.139],[83.153,21.126],[83.12,21.101],[83.082,21.107],[83.047,21.12],[83.016,21.14],[82.98,21.157],[82.942,21.163],[82.902,21.163],[82.864,21.155],[82.812,21.159],[82.782,21.141],[82.752,21.16],[82.711,21.156],[82.662,21.151],[82.64,21.117],[82.626,21.077],[82.622,21.037],[82.604,21.006],[82.578,20.979],[82.553,20.941],[82.519,20.925],[82.486,20.904],[82.481,20.861],[82.462,20.83],[82.423,20.826],[82.402,20.858],[82.359,20.867],[82.334,20.841],[82.336,20.797],[82.335,20.759],[82.347,20.714],[82.351,20.678],[82.364,20.64],[82.356,20.603],[82.341,20.57],[82.349,20.523],[82.381,20.508],[82.385,20.47],[82.419,20.457],[82.423,20.418],[82.411,20.382],[82.398,20.347],[82.416,20.317],[82.429,20.283],[82.405,20.256],[82.408,20.221],[82.406,20.179],[82.387,20.149],[82.393,20.108],[82.39,20.064],[82.425,20.044],[82.464,20.032],[82.502,20.014],[82.544,20.012],[82.579,19.996],[82.614,19.987],[82.65,19.999],[82.686,19.995],[82.709,19.947],[82.706,19.911],[82.709,19.87],[82.703,19.831],[82.66,19.824],[82.629,19.804],[82.599,19.781],[82.573,19.806],[82.581,19.84],[82.555,19.87],[82.518,19.876],[82.487,19.897],[82.442,19.903],[82.4,19.889],[82.368,19.854],[82.339,19.83],[82.318,19.859],[82.295,19.899],[82.269,19.945],[82.253,19.976],[82.219,19.993],[82.184,19.981],[82.156,20.002],[82.116,20.01],[82.089,20.035],[82.058,20.05],[82.031,20.023],[82.001,20.049],[81.974,20.076],[81.944,20.102],[81.915,20.074],[81.889,20.043],[81.86,20.023],[81.85,19.983],[81.837,19.95],[81.846,19.915],[81.898,19.879],[81.939,19.865],[81.961,19.824],[81.987,19.792],[82.024,19.793],[82.06,19.783],[82.047,19.743],[82.042,19.708],[82.047,19.669],[82.051,19.632],[82.037,19.598],[82.043,19.558],[82.032,19.521],[82.067,19.511],[82.099,19.49],[82.107,19.453],[82.134,19.425],[82.17,19.429],[82.174,19.377],[82.141,19.362],[82.169,19.337],[82.17,19.296],[82.152,19.265],[82.152,19.224],[82.165,19.187],[82.175,19.153],[82.165,19.115],[82.2,19.117],[82.209,19.079],[82.222,19.021],[82.24,18.91],[82.199,18.906],[82.17,18.878],[82.162,18.838],[82.156,18.8],[82.131,18.77],[82.091,18.756],[82.08,18.723],[82.039,18.717],[81.998,18.7],[81.964,18.688],[81.947,18.656],[81.916,18.636],[81.93,18.596],[81.945,18.562],[81.909,18.564],[81.897,18.528],[81.863,18.517],[81.844,18.482],[81.798,18.44],[81.767,18.415],[81.747,18.356],[81.699,18.344],[81.658,18.339],[81.632,18.308],[81.597,18.302],[81.568,18.273],[81.528,18.259],[81.511,18.202],[81.523,18.157],[81.511,18.104],[81.496,18.071],[81.478,18.039],[81.479,18.004],[81.476,17.968],[81.445,17.926],[81.443,17.885],[81.404,17.889],[81.398,17.847],[81.383,17.814],[81.345,17.812],[81.298,17.81],[81.254,17.812],[81.22,17.829],[81.187,17.848],[81.121,17.828],[81.089,17.811],[81.066,17.784],[81.013,17.817],[81.002,17.865],[80.994,17.914],[80.978,17.95],[80.973,17.986],[80.964,18.024],[80.952,18.072],[80.948,18.117],[80.973,18.144],[80.937,18.155],[80.901,18.135],[80.862,18.133],[80.852,18.168],[80.866,18.201],[80.84,18.228],[80.819,18.192],[80.794,18.165],[80.754,18.164],[80.733,18.194],[80.757,18.23],[80.788,18.25],[80.766,18.278],[80.744,18.317],[80.726,18.35],[80.716,18.386],[80.691,18.419],[80.681,18.454],[80.651,18.472],[80.634,18.503],[80.611,18.534],[80.581,18.557],[80.54,18.583],[80.515,18.607],[80.483,18.628],[80.418,18.611],[80.382,18.594],[80.342,18.586],[80.319,18.622],[80.299,18.679],[80.278,18.711],[80.247,18.744],[80.277,18.765],[80.299,18.794],[80.335,18.806],[80.34,18.848],[80.313,18.881],[80.27,18.925],[80.269,18.964],[80.288,19.014],[80.292,19.05],[80.322,19.075],[80.322,19.12],[80.34,19.153],[80.373,19.175],[80.377,19.217],[80.402,19.247],[80.437,19.261],[80.457,19.299],[80.476,19.335],[80.514,19.348],[80.559,19.398],[80.582,19.368],[80.596,19.331],[80.625,19.307],[80.658,19.324],[80.682,19.296],[80.718,19.286],[80.755,19.295],[80.782,19.322],[80.816,19.342],[80.843,19.366],[80.809,19.397],[80.788,19.427],[80.825,19.439],[80.867,19.443],[80.892,19.482],[80.879,19.519],[80.845,19.529],[80.828,19.563],[80.785,19.56],[80.758,19.59],[80.721,19.608],[80.683,19.611],[80.662,19.663],[80.646,19.706],[80.613,19.729],[80.579,19.744],[80.55,19.765],[80.542,19.803],[80.518,19.829],[80.476,19.828],[80.482,19.79],[80.443,19.791],[80.4,19.794],[80.432,19.81],[80.464,19.836],[80.488,19.865],[80.469,19.903],[80.431,19.898],[80.406,19.925],[80.439,19.947],[80.473,19.931],[80.509,19.926],[80.534,19.953],[80.546,19.987],[80.542,20.037],[80.542,20.077],[80.536,20.114],[80.504,20.129],[80.467,20.143],[80.432,20.131],[80.394,20.144],[80.395,20.182],[80.388,20.231],[80.42,20.252],[80.456,20.269],[80.494,20.275],[80.536,20.295],[80.584,20.319],[80.618,20.334],[80.601,20.369],[80.59,20.413],[80.602,20.457],[80.607,20.504],[80.613,20.542],[80.614,20.577],[80.592,20.613],[80.551,20.599],[80.512,20.585],[80.484,20.612],[80.502,20.649],[80.537,20.664],[80.573,20.674],[80.56,20.712],[80.555,20.747],[80.545,20.782],[80.556,20.82],[80.551,20.86],[80.546,20.903],[80.526,20.932],[80.491,20.928],[80.456,20.932],[80.441,20.965],[80.433,21],[80.447,21.034],[80.441,21.07],[80.439,21.107],[80.448,21.142],[80.468,21.171],[80.503,21.183],[80.535,21.2],[80.568,21.214],[80.603,21.227],[80.635,21.25],[80.651,21.282],[80.674,21.309],[80.666,21.344],[80.686,21.377],[80.698,21.411],[80.715,21.442],[80.729,21.475],[80.724,21.512],[80.721,21.551],[80.71,21.585],[80.721,21.621],[80.71,21.656],[80.722,21.691],[80.726,21.726],[80.743,21.758],[80.777,21.744],[80.812,21.751],[80.821,21.785],[80.834,21.82],[80.841,21.856],[80.824,21.889],[80.835,21.926],[80.82,21.958],[80.852,21.975],[80.869,22.011],[80.877,22.051],[80.898,22.101],[80.939,22.119],[80.966,22.082],[80.979,22.048],[80.997,22.081],[80.98,22.113],[81.016,22.133],[81.017,22.171],[81.019,22.208],[81.04,22.241],[81.085,22.247],[81.114,22.294],[81.109,22.33],[81.101,22.383],[81.103,22.422],[81.134,22.452],[81.164,22.482],[81.194,22.462],[81.233,22.455],[81.256,22.488],[81.292,22.489],[81.315,22.516],[81.356,22.513],[81.381,22.485],[81.389,22.445],[81.418,22.465],[81.438,22.494],[81.476,22.492],[81.503,22.527],[81.542,22.53],[81.583,22.545],[81.622,22.544],[81.649,22.569],[81.641,22.608],[81.679,22.649],[81.714,22.656],[81.749,22.646],[81.763,22.685],[81.748,22.72],[81.778,22.758],[81.776,22.8],[81.761,22.834],[81.769,22.874],[81.821,22.883],[81.856,22.891],[81.88,22.92],[81.914,22.948],[81.942,22.975],[81.932,23.017],[81.924,23.058],[81.961,23.08],[81.997,23.08],[82.04,23.092],[82.067,23.117],[82.102,23.109],[82.131,23.129],[82.154,23.158],[82.14,23.19],[82.142,23.228],[82.167,23.261],[82.187,23.29],[82.186,23.325],[82.154,23.342],[82.118,23.354],[82.104,23.387],[82.069,23.395],[82.037,23.38],[82.018,23.421],[81.979,23.412],[81.971,23.447],[81.947,23.475],[81.928,23.513],[81.9,23.534],[81.87,23.515],[81.834,23.512],[81.805,23.546],[81.763,23.551],[81.729,23.565],[81.706,23.534],[81.667,23.532],[81.648,23.502],[81.607,23.507],[81.607,23.545],[81.574,23.567],[81.595,23.595],[81.61,23.633],[81.635,23.659],[81.673,23.693],[81.677,23.735],[81.654,23.764],[81.644,23.799],[81.628,23.834],[81.598,23.854],[81.597,23.889],[81.629,23.908],[81.662,23.926],[81.682,23.89],[81.713,23.863],[81.745,23.831],[81.783,23.812],[81.824,23.816],[81.858,23.829],[81.894,23.844],[81.916,23.873],[81.951,23.853],[81.992,23.863],[82.028,23.848],[82.063,23.819],[82.1,23.82],[82.145,23.819],[82.174,23.839],[82.212,23.824],[82.249,23.82],[82.284,23.813],[82.321,23.809],[82.357,23.808],[82.393,23.802],[82.436,23.805],[82.483,23.798],[82.516,23.784],[82.541,23.81],[82.578,23.822],[82.63,23.839],[82.658,23.866],[82.655,23.906],[82.689,23.92],[82.743,23.921],[82.775,23.939],[82.808,23.963],[82.841,23.95],[82.866,23.923],[82.906,23.898],[82.939,23.876],[82.984,23.88],[83.021,23.883],[83.061,23.875],[83.127,23.89],[83.156,23.911],[83.19,23.921],[83.206,23.954],[83.216,23.989],[83.242,24.014],[83.276,24.023],[83.284,24.065],[83.311,24.093],[83.328,24.1]]]}},{"type":"Feature","id":8,"properties":{"id":8,"name":"Dadra and Nagar Haveli","type":"Union Territor"},"geometry":{"type":"Polygon","coordinates":[[[72.99,20.292],[73.018,20.315],[73.042,20.29],[73.055,20.325],[73.091,20.327],[73.103,20.36],[73.119,20.326],[73.161,20.317],[73.179,20.286],[73.143,20.275],[73.113,20.244],[73.077,20.23],[73.074,20.193],[73.082,20.157],[73.12,20.159],[73.152,20.176],[73.18,20.209],[73.216,20.193],[73.199,20.162],[73.211,20.124],[73.207,20.084],[73.186,20.053],[73.157,20.074],[73.118,20.079],[73.078,20.095],[73.053,20.068],[73.025,20.096],[73.017,20.13],[72.985,20.113],[72.986,20.158],[72.97,20.212],[72.951,20.244],[72.924,20.268],[72.951,20.292],[72.98,20.271],[72.99,20.292]]]}},{"type":"Feature","id":9,"properties":{"id":9,"name":"Daman and Diu","type":"Union Territor"},"geometry":{"type":"MultiPolygon","coordinates":[[[[72.86,20.471],[72.839,20.439],[72.862,20.41],[72.832,20.371],[72.829,20.406],[72.831,20.442],[72.857,20.465],[72.86,20.471]]],[[[70.889,20.71],[70.889,20.71]]],[[[70.949,20.734],[70.982,20.72],[70.95,20.704],[70.915,20.706],[70.934,20.736],[70.949,20.734]]],[[[70.768,20.962],[70.803,20.96],[70.838,20.97],[70.88,20.955],[70.902,20.903],[70.875,20.869],[70.841,20.858],[70.873,20.835],[70.896,20.804],[70.863,20.782],[70.851,20.745],[70.87,20.715],[70.837,20.703],[70.802,20.702],[70.771,20.718],[70.735,20.724],[70.703,20.738],[70.674,20.758],[70.685,20.792],[70.678,20.826],[70.694,20.883],[70.718,20.912],[70.731,20.96],[70.768,20.962]]]]}},{"type":"Feature","id":10,"properties":{"id":10,"name":"Delhi","type":"Union Territor"},"geometry":{"type":"Polygon","coordinates":[[[77.217,28.835],[77.194,28.802],[77.221,28.778],[77.253,28.753],[77.281,28.73],[77.317,28.717],[77.325,28.683],[77.313,28.647],[77.338,28.617],[77.307,28.597],[77.295,28.561],[77.322,28.536],[77.322,28.499],[77.286,28.496],[77.243,28.485],[77.243,28.447],[77.223,28.419],[77.179,28.412],[77.142,28.436],[77.109,28.457],[77.108,28.494],[77.072,28.52],[77.033,28.528],[77,28.542],[76.945,28.514],[76.908,28.515],[76.859,28.542],[76.833,28.583],[76.878,28.638],[76.924,28.629],[76.923,28.669],[76.95,28.694],[76.951,28.736],[76.947,28.774],[76.937,28.809],[76.971,28.825],[77.007,28.835],[77.038,28.853],[77.07,28.88],[77.107,28.868],[77.134,28.845],[77.184,28.862],[77.217,28.835]]]}},{"type":"Feature","id":11,"properties":{"id":11,"name":"Goa","type":"State"},"geometry":{"type":"MultiPolygon","coordinates":[[[[73.782,15.356],[73.782,15.356]]],[[[73.797,15.379],[73.797,15.379]]],[[[73.864,15.408],[73.864,15.408]]],[[[73.88,15.779],[73.909,15.742],[73.945,15.742],[73.958,15.707],[73.972,15.668],[73.976,15.629],[74.008,15.608],[74.057,15.623],[74.102,15.639],[74.143,15.647],[74.175,15.67],[74.212,15.661],[74.255,15.654],[74.267,15.617],[74.256,15.583],[74.279,15.549],[74.282,15.513],[74.273,15.465],[74.276,15.424],[74.283,15.389],[74.328,15.367],[74.323,15.33],[74.34,15.297],[74.302,15.286],[74.27,15.261],[74.294,15.232],[74.316,15.203],[74.311,15.162],[74.29,15.13],[74.278,15.096],[74.295,15.063],[74.289,15.027],[74.271,14.995],[74.262,14.958],[74.225,14.941],[74.19,14.952],[74.174,14.918],[74.136,14.92],[74.104,14.904],[74.069,14.908],[74.046,14.935],[74.045,14.97],[74.03,15.002],[73.999,15.018],[73.983,15.05],[73.954,15.07],[73.923,15.086],[73.937,15.118],[73.947,15.152],[73.938,15.186],[73.929,15.22],[73.92,15.255],[73.91,15.289],[73.898,15.322],[73.884,15.355],[73.849,15.361],[73.816,15.374],[73.789,15.397],[73.821,15.41],[73.856,15.401],[73.89,15.408],[73.862,15.428],[73.834,15.451],[73.799,15.454],[73.807,15.488],[73.772,15.49],[73.761,15.523],[73.751,15.557],[73.734,15.588],[73.755,15.617],[73.723,15.631],[73.712,15.665],[73.697,15.697],[73.723,15.723],[73.758,15.733],[73.793,15.724],[73.833,15.738],[73.85,15.776],[73.88,15.779]]]]}},{"type":"Feature","id":12,"properties":{"id":12,"name":"Gujarat","type":"State"},"geometry":{"type":"MultiPolygon","coordinates":[[[[70.861,20.753],[70.87,20.719],[70.854,20.75],[70.861,20.753]]],[[[72.846,20.763],[72.846,20.763]]],[[[71.388,20.867],[71.388,20.867]]],[[[71.516,20.914],[71.516,20.914]]],[[[71.649,20.978],[71.649,20.978]]],[[[71.687,20.997],[71.687,20.997]]],[[[71.704,21],[71.704,21]]],[[[71.71,21],[71.71,21]]],[[[72.648,21.076],[72.648,21.076]]],[[[72.679,21.099],[72.679,21.099]]],[[[72.672,21.115],[72.672,21.115]]],[[[72.702,21.122],[72.702,21.122]]],[[[72.677,21.156],[72.709,21.142],[72.698,21.108],[72.67,21.13],[72.677,21.156]]],[[[72.103,21.274],[72.103,21.274]]],[[[72.588,21.339],[72.588,21.339]]],[[[72.583,21.365],[72.583,21.365]]],[[[72.6,21.387],[72.6,21.387]]],[[[72.628,21.417],[72.628,21.417]]],[[[72.636,21.418],[72.636,21.418]]],[[[72.676,21.447],[72.676,21.447]]],[[[69.724,21.564],[69.724,21.564]]],[[[69.728,21.612],[69.728,21.612]]],[[[72.353,21.613],[72.353,21.613]]],[[[72.585,21.629],[72.585,21.629]]],[[[72.609,21.629],[72.609,21.629]]],[[[72.612,21.632],[72.612,21.632]]],[[[72.617,21.638],[72.617,21.638]]],[[[72.596,21.639],[72.596,21.639]]],[[[72.62,21.64],[72.62,21.64]]],[[[72.602,21.641],[72.602,21.641]]],[[[72.723,21.666],[72.723,21.666]]],[[[72.274,21.75],[72.285,21.715],[72.273,21.748],[72.274,21.75]]],[[[72.355,21.943],[72.355,21.943]]],[[[72.214,22.005],[72.214,22.005]]],[[[72.473,22.208],[72.473,22.208]]],[[[72.384,22.216],[72.384,22.216]]],[[[72.371,22.235],[72.371,22.235]]],[[[69.31,22.306],[69.31,22.306]]],[[[69.453,22.358],[69.453,22.358]]],[[[69.184,22.368],[69.184,22.368]]],[[[69.195,22.375],[69.195,22.375]]],[[[69.213,22.385],[69.213,22.385]]],[[[69.201,22.386],[69.201,22.386]]],[[[69.335,22.389],[69.335,22.389]]],[[[69.483,22.399],[69.483,22.399]]],[[[69.28,22.418],[69.28,22.418]]],[[[69.279,22.42],[69.279,22.42]]],[[[69.142,22.458],[69.142,22.458]]],[[[69.628,22.46],[69.65,22.432],[69.621,22.412],[69.592,22.432],[69.617,22.456],[69.628,22.46]]],[[[69.302,22.474],[69.302,22.474]]],[[[69.137,22.478],[69.108,22.457],[69.09,22.427],[69.096,22.462],[69.129,22.476],[69.137,22.478]]],[[[69.089,22.491],[69.089,22.491]]],[[[69.324,22.528],[69.358,22.52],[69.323,22.514],[69.324,22.528]]],[[[69.945,22.532],[69.945,22.532]]],[[[69.405,22.533],[69.405,22.533]]],[[[69.957,22.536],[69.957,22.536]]],[[[69.96,22.544],[69.96,22.544]]],[[[69.952,22.551],[69.952,22.551]]],[[[69.919,22.553],[69.943,22.528],[69.91,22.512],[69.876,22.521],[69.9,22.546],[69.919,22.553]]],[[[70.024,22.553],[70.024,22.553]]],[[[70.011,22.554],[70.011,22.554]]],[[[70.023,22.558],[70.023,22.558]]],[[[70.04,22.568],[70.04,22.568]]],[[[70.045,22.572],[70.045,22.572]]],[[[70.182,22.584],[70.182,22.584]]],[[[70.009,22.593],[70.015,22.558],[69.982,22.547],[69.965,22.578],[69.998,22.589],[70.009,22.593]]],[[[70.19,22.6],[70.19,22.6]]],[[[69.948,22.606],[69.948,22.606]]],[[[70.216,22.647],[70.216,22.647]]],[[[70.236,22.685],[70.236,22.685]]],[[[70.243,22.685],[70.243,22.685]]],[[[70.247,22.692],[70.247,22.692]]],[[[70.244,22.72],[70.244,22.72]]],[[[69.643,22.765],[69.643,22.765]]],[[[69.637,22.78],[69.637,22.78]]],[[[70.455,22.996],[70.455,22.996]]],[[[70.442,23.05],[70.417,23.025],[70.442,23.05]]],[[[70.448,23.052],[70.437,23.019],[70.416,22.991],[70.42,23.026],[70.445,23.05],[70.448,23.052]]],[[[70.452,23.052],[70.452,23.052]]],[[[70.459,23.058],[70.459,23.058]]],[[[70.452,23.061],[70.452,23.061]]],[[[70.47,23.061],[70.47,23.061]]],[[[70.482,23.065],[70.458,23.039],[70.482,23.065]]],[[[68.609,23.231],[68.609,23.231]]],[[[68.594,23.262],[68.594,23.262]]],[[[68.658,23.271],[68.658,23.271]]],[[[68.629,23.29],[68.629,23.29]]],[[[68.705,23.312],[68.705,23.312]]],[[[68.558,23.314],[68.588,23.295],[68.615,23.272],[68.58,23.263],[68.545,23.265],[68.553,23.3],[68.558,23.314]]],[[[68.643,23.314],[68.643,23.314]]],[[[68.633,23.318],[68.633,23.318]]],[[[68.64,23.318],[68.64,23.318]]],[[[68.588,23.319],[68.618,23.301],[68.586,23.313],[68.588,23.319]]],[[[68.632,23.321],[68.632,23.321]]],[[[68.627,23.322],[68.627,23.322]]],[[[68.627,23.326],[68.627,23.326]]],[[[68.542,23.342],[68.542,23.342]]],[[[68.55,23.342],[68.55,23.342]]],[[[68.557,23.342],[68.557,23.342]]],[[[68.506,23.342],[68.535,23.323],[68.503,23.337],[68.506,23.342]]],[[[68.525,23.344],[68.525,23.344]]],[[[68.564,23.345],[68.564,23.345]]],[[[68.632,23.352],[68.632,23.352]]],[[[68.473,23.357],[68.473,23.357]]],[[[68.573,23.36],[68.573,23.36]]],[[[68.598,23.361],[68.598,23.361]]],[[[68.589,23.374],[68.618,23.354],[68.582,23.354],[68.589,23.374]]],[[[68.541,23.378],[68.541,23.378]]],[[[68.503,23.383],[68.503,23.383]]],[[[68.505,23.385],[68.505,23.385]]],[[[68.536,23.385],[68.536,23.385]]],[[[68.579,23.385],[68.579,23.385]]],[[[68.535,23.388],[68.535,23.388]]],[[[68.554,23.404],[68.554,23.404]]],[[[68.537,23.405],[68.56,23.378],[68.528,23.392],[68.537,23.405]]],[[[68.461,23.405],[68.461,23.405]]],[[[68.523,23.405],[68.523,23.405]]],[[[68.471,23.406],[68.471,23.406]]],[[[68.43,23.407],[68.43,23.407]]],[[[68.463,23.409],[68.463,23.409]]],[[[68.409,23.409],[68.409,23.409]]],[[[68.558,23.409],[68.558,23.409]]],[[[68.415,23.41],[68.415,23.41]]],[[[68.461,23.413],[68.461,23.413]]],[[[68.55,23.414],[68.55,23.414]]],[[[68.4,23.421],[68.4,23.421]]],[[[68.402,23.423],[68.402,23.423]]],[[[68.4,23.428],[68.4,23.428]]],[[[68.502,23.432],[68.502,23.432]]],[[[68.517,23.433],[68.517,23.433]]],[[[68.501,23.436],[68.501,23.436]]],[[[68.501,23.444],[68.501,23.444]]],[[[68.501,23.453],[68.501,23.453]]],[[[68.507,23.457],[68.507,23.457]]],[[[68.408,23.458],[68.408,23.458]]],[[[68.499,23.476],[68.499,23.476]]],[[[68.473,23.48],[68.494,23.453],[68.488,23.418],[68.463,23.443],[68.428,23.434],[68.452,23.46],[68.473,23.48]]],[[[68.498,23.489],[68.498,23.489]]],[[[68.507,23.493],[68.507,23.493]]],[[[68.511,23.493],[68.511,23.493]]],[[[68.487,23.495],[68.487,23.495]]],[[[68.467,23.498],[68.467,23.498]]],[[[68.437,23.5],[68.437,23.5]]],[[[68.481,23.501],[68.481,23.501]]],[[[68.468,23.524],[68.468,23.524]]],[[[68.475,23.529],[68.475,23.529]]],[[[68.473,23.537],[68.473,23.537]]],[[[68.482,23.55],[68.482,23.55]]],[[[68.479,23.555],[68.455,23.53],[68.479,23.555]]],[[[68.223,23.586],[68.223,23.586]]],[[[68.255,23.59],[68.255,23.59]]],[[[68.216,23.591],[68.216,23.591]]],[[[68.482,23.597],[68.481,23.561],[68.452,23.543],[68.433,23.508],[68.43,23.543],[68.455,23.568],[68.481,23.592],[68.482,23.597]]],[[[68.458,23.6],[68.458,23.6]]],[[[68.482,23.607],[68.482,23.607]]],[[[68.456,23.625],[68.446,23.591],[68.455,23.625],[68.456,23.625]]],[[[68.485,23.628],[68.48,23.593],[68.482,23.628],[68.485,23.628]]],[[[68.478,23.722],[68.478,23.722]]],[[[68.45,23.732],[68.45,23.732]]],[[[68.467,23.74],[68.467,23.74]]],[[[68.487,23.746],[68.487,23.746]]],[[[68.217,23.779],[68.217,23.779]]],[[[68.349,23.8],[68.349,23.8]]],[[[68.358,23.805],[68.389,23.788],[68.423,23.796],[68.414,23.762],[68.418,23.724],[68.406,23.692],[68.391,23.658],[68.368,23.632],[68.35,23.602],[68.316,23.589],[68.281,23.582],[68.274,23.617],[68.307,23.629],[68.272,23.626],[68.242,23.606],[68.207,23.601],[68.191,23.632],[68.223,23.647],[68.258,23.641],[68.3,23.647],[68.264,23.647],[68.287,23.674],[68.311,23.7],[68.335,23.725],[68.336,23.76],[68.35,23.793],[68.358,23.805]]],[[[68.605,23.81],[68.605,23.81]]],[[[68.597,23.813],[68.597,23.813]]],[[[68.308,23.824],[68.315,23.789],[68.318,23.754],[68.297,23.727],[68.271,23.703],[68.263,23.738],[68.268,23.773],[68.291,23.801],[68.308,23.824]]],[[[68.497,23.831],[68.521,23.806],[68.522,23.771],[68.501,23.743],[68.469,23.758],[68.44,23.74],[68.455,23.772],[68.448,23.806],[68.479,23.822],[68.497,23.831]]],[[[68.707,23.851],[68.707,23.851]]],[[[68.699,23.853],[68.699,23.853]]],[[[68.533,23.874],[68.533,23.874]]],[[[68.396,23.878],[68.426,23.86],[68.433,23.825],[68.412,23.797],[68.392,23.825],[68.402,23.791],[68.371,23.808],[68.337,23.799],[68.343,23.836],[68.371,23.857],[68.396,23.878]]],[[[68.248,23.88],[68.236,23.848],[68.248,23.88]]],[[[68.449,23.938],[68.451,23.902],[68.439,23.869],[68.404,23.876],[68.372,23.86],[68.356,23.891],[68.387,23.907],[68.42,23.921],[68.449,23.938]]],[[[68.535,23.946],[68.562,23.923],[68.559,23.888],[68.528,23.87],[68.493,23.867],[68.504,23.9],[68.532,23.923],[68.535,23.946]]],[[[68.526,23.95],[68.526,23.95]]],[[[68.482,23.993],[68.496,23.96],[68.518,23.924],[68.49,23.903],[68.474,23.872],[68.446,23.851],[68.453,23.885],[68.452,23.92],[68.434,23.951],[68.45,23.982],[68.482,23.993]]],[[[68.43,23.995],[68.432,23.96],[68.415,23.93],[68.377,23.915],[68.345,23.901],[68.349,23.865],[68.337,23.832],[68.302,23.824],[68.277,23.799],[68.264,23.766],[68.262,23.731],[68.267,23.696],[68.234,23.684],[68.207,23.707],[68.198,23.742],[68.226,23.763],[68.215,23.797],[68.212,23.832],[68.242,23.85],[68.277,23.834],[68.255,23.862],[68.29,23.872],[68.278,23.905],[68.311,23.918],[68.344,23.93],[68.349,23.964],[68.384,23.968],[68.415,23.983],[68.43,23.995]]],[[[72.102,24.643],[72.146,24.635],[72.176,24.613],[72.211,24.613],[72.249,24.621],[72.294,24.613],[72.331,24.612],[72.293,24.597],[72.251,24.58],[72.272,24.55],[72.332,24.542],[72.369,24.537],[72.386,24.501],[72.421,24.508],[72.437,24.461],[72.461,24.427],[72.501,24.407],[72.501,24.45],[72.542,24.505],[72.574,24.488],[72.604,24.469],[72.639,24.461],[72.674,24.457],[72.693,24.419],[72.717,24.376],[72.749,24.358],[72.793,24.36],[72.829,24.365],[72.868,24.366],[72.901,24.351],[72.934,24.336],[72.977,24.359],[72.964,24.392],[72.991,24.421],[72.989,24.457],[73.027,24.465],[73.067,24.475],[73.099,24.491],[73.107,24.457],[73.106,24.42],[73.098,24.386],[73.137,24.364],[73.17,24.351],[73.211,24.375],[73.211,24.334],[73.185,24.309],[73.145,24.308],[73.116,24.263],[73.106,24.226],[73.082,24.197],[73.102,24.165],[73.138,24.128],[73.172,24.111],[73.212,24.104],[73.209,24.067],[73.223,24.032],[73.253,24.011],[73.283,24.029],[73.311,24.055],[73.335,24.083],[73.361,24.114],[73.38,24.084],[73.414,24.051],[73.409,24.016],[73.421,23.975],[73.42,23.936],[73.386,23.906],[73.366,23.869],[73.372,23.832],[73.363,23.798],[73.39,23.769],[73.428,23.766],[73.455,23.74],[73.479,23.709],[73.511,23.68],[73.512,23.645],[73.527,23.611],[73.571,23.654],[73.609,23.654],[73.642,23.631],[73.649,23.591],[73.637,23.548],[73.657,23.516],[73.641,23.473],[73.669,23.452],[73.704,23.456],[73.717,23.419],[73.751,23.442],[73.794,23.436],[73.832,23.447],[73.857,23.405],[73.879,23.368],[73.901,23.336],[73.939,23.341],[73.957,23.378],[73.984,23.349],[74.024,23.333],[74.05,23.307],[74.09,23.298],[74.119,23.275],[74.137,23.245],[74.125,23.207],[74.146,23.175],[74.183,23.152],[74.2,23.184],[74.237,23.183],[74.272,23.156],[74.288,23.119],[74.304,23.084],[74.325,23.048],[74.351,23.016],[74.369,22.984],[74.344,22.958],[74.366,22.93],[74.393,22.902],[74.424,22.92],[74.463,22.913],[74.474,22.875],[74.472,22.833],[74.444,22.81],[74.431,22.77],[74.409,22.737],[74.397,22.701],[74.384,22.66],[74.352,22.639],[74.317,22.636],[74.278,22.648],[74.25,22.623],[74.227,22.591],[74.19,22.567],[74.163,22.537],[74.13,22.522],[74.101,22.541],[74.067,22.551],[74.043,22.524],[74.079,22.509],[74.078,22.473],[74.101,22.445],[74.127,22.42],[74.141,22.454],[74.171,22.434],[74.185,22.469],[74.205,22.437],[74.247,22.437],[74.271,22.405],[74.246,22.378],[74.217,22.358],[74.196,22.325],[74.154,22.329],[74.124,22.358],[74.084,22.362],[74.068,22.331],[74.058,22.293],[74.079,22.263],[74.076,22.222],[74.114,22.219],[74.123,22.182],[74.134,22.146],[74.129,22.108],[74.166,22.103],[74.163,22.064],[74.132,22.039],[74.101,22.018],[74.128,21.994],[74.149,21.961],[74.114,21.945],[74.072,21.93],[74.036,21.916],[73.98,21.888],[73.949,21.87],[73.907,21.854],[73.864,21.837],[73.828,21.835],[73.839,21.8],[73.831,21.763],[73.856,21.735],[73.885,21.714],[73.898,21.667],[73.87,21.639],[73.829,21.64],[73.791,21.629],[73.818,21.602],[73.834,21.553],[73.85,21.511],[73.887,21.505],[73.926,21.52],[73.961,21.519],[74.005,21.541],[74.042,21.551],[74.076,21.559],[74.112,21.558],[74.146,21.55],[74.18,21.562],[74.199,21.532],[74.232,21.544],[74.266,21.535],[74.293,21.559],[74.324,21.541],[74.33,21.507],[74.306,21.479],[74.27,21.475],[74.235,21.48],[74.205,21.46],[74.169,21.463],[74.133,21.464],[74.098,21.455],[74.072,21.478],[74.054,21.447],[74.031,21.419],[73.989,21.404],[73.953,21.402],[73.957,21.362],[73.951,21.315],[73.924,21.281],[73.892,21.262],[73.832,21.267],[73.823,21.228],[73.832,21.185],[73.796,21.182],[73.753,21.168],[73.722,21.139],[73.689,21.151],[73.636,21.133],[73.615,21.163],[73.629,21.12],[73.679,21.109],[73.715,21.107],[73.753,21.114],[73.741,21.073],[73.757,21.039],[73.794,21.02],[73.821,20.995],[73.857,20.998],[73.899,20.982],[73.895,20.947],[73.917,20.915],[73.931,20.877],[73.945,20.84],[73.941,20.804],[73.938,20.761],[73.921,20.724],[73.886,20.73],[73.864,20.694],[73.823,20.694],[73.845,20.667],[73.846,20.624],[73.806,20.602],[73.769,20.587],[73.729,20.574],[73.692,20.575],[73.657,20.572],[73.632,20.602],[73.607,20.636],[73.574,20.651],[73.538,20.674],[73.501,20.653],[73.494,20.69],[73.475,20.722],[73.455,20.686],[73.419,20.66],[73.428,20.624],[73.455,20.595],[73.486,20.564],[73.485,20.526],[73.47,20.492],[73.438,20.446],[73.416,20.411],[73.39,20.38],[73.422,20.356],[73.425,20.321],[73.437,20.282],[73.422,20.248],[73.43,20.212],[73.398,20.196],[73.368,20.213],[73.328,20.202],[73.294,20.186],[73.289,20.15],[73.261,20.126],[73.221,20.121],[73.195,20.151],[73.227,20.176],[73.196,20.198],[73.154,20.202],[73.133,20.168],[73.098,20.173],[73.07,20.197],[73.082,20.233],[73.125,20.257],[73.154,20.277],[73.177,20.308],[73.142,20.317],[73.116,20.347],[73.086,20.326],[73.05,20.323],[73.03,20.292],[72.99,20.292],[72.951,20.292],[72.924,20.268],[72.951,20.244],[72.974,20.215],[72.928,20.223],[72.889,20.226],[72.855,20.209],[72.829,20.157],[72.805,20.127],[72.762,20.131],[72.741,20.16],[72.746,20.197],[72.744,20.232],[72.753,20.267],[72.768,20.299],[72.777,20.333],[72.807,20.352],[72.843,20.399],[72.873,20.382],[72.852,20.412],[72.844,20.448],[72.862,20.479],[72.885,20.505],[72.886,20.54],[72.897,20.573],[72.892,20.609],[72.885,20.643],[72.869,20.676],[72.859,20.71],[72.851,20.745],[72.886,20.738],[72.86,20.763],[72.836,20.788],[72.824,20.822],[72.812,20.855],[72.797,20.887],[72.787,20.921],[72.757,20.939],[72.743,20.971],[72.734,21.005],[72.724,21.04],[72.761,21.052],[72.729,21.07],[72.702,21.092],[72.707,21.127],[72.687,21.157],[72.66,21.131],[72.657,21.094],[72.627,21.076],[72.623,21.112],[72.62,21.147],[72.62,21.182],[72.62,21.218],[72.6,21.247],[72.589,21.281],[72.596,21.316],[72.619,21.342],[72.637,21.372],[72.649,21.405],[72.674,21.43],[72.692,21.46],[72.662,21.442],[72.663,21.478],[72.671,21.512],[72.704,21.528],[72.737,21.539],[72.702,21.532],[72.667,21.534],[72.644,21.508],[72.612,21.524],[72.601,21.557],[72.613,21.59],[72.633,21.619],[72.673,21.628],[72.699,21.651],[72.733,21.64],[72.768,21.647],[72.803,21.65],[72.834,21.667],[72.799,21.662],[72.764,21.668],[72.736,21.69],[72.702,21.68],[72.667,21.683],[72.631,21.679],[72.596,21.68],[72.565,21.664],[72.532,21.675],[72.507,21.701],[72.53,21.728],[72.543,21.762],[72.553,21.795],[72.563,21.829],[72.528,21.848],[72.516,21.881],[72.506,21.916],[72.503,21.952],[72.507,21.988],[72.515,22.022],[72.523,22.058],[72.531,22.092],[72.541,22.126],[72.552,22.159],[72.57,22.189],[72.597,22.211],[72.64,22.218],[72.671,22.203],[72.701,22.184],[72.736,22.177],[72.77,22.188],[72.787,22.219],[72.809,22.246],[72.844,22.237],[72.878,22.224],[72.908,22.242],[72.917,22.276],[72.897,22.247],[72.862,22.249],[72.848,22.282],[72.816,22.268],[72.787,22.249],[72.756,22.231],[72.72,22.236],[72.686,22.241],[72.661,22.266],[72.63,22.284],[72.597,22.273],[72.567,22.254],[72.533,22.246],[72.55,22.277],[72.524,22.25],[72.504,22.22],[72.474,22.201],[72.492,22.232],[72.463,22.254],[72.445,22.284],[72.418,22.306],[72.408,22.34],[72.397,22.373],[72.362,22.376],[72.394,22.363],[72.377,22.332],[72.393,22.299],[72.416,22.271],[72.415,22.235],[72.401,22.202],[72.377,22.228],[72.372,22.263],[72.362,22.229],[72.377,22.197],[72.386,22.163],[72.363,22.189],[72.355,22.155],[72.321,22.147],[72.317,22.182],[72.31,22.146],[72.311,22.11],[72.307,22.072],[72.298,22.038],[72.289,22.004],[72.281,21.969],[72.278,21.934],[72.26,21.968],[72.254,22.003],[72.244,22.038],[72.268,22.063],[72.303,22.07],[72.302,22.106],[72.266,22.106],[72.262,22.072],[72.233,22.052],[72.222,22.019],[72.186,22.02],[72.215,22],[72.221,21.964],[72.193,21.943],[72.163,21.962],[72.188,21.938],[72.222,21.945],[72.242,21.917],[72.257,21.885],[72.256,21.849],[72.259,21.814],[72.262,21.779],[72.268,21.744],[72.249,21.774],[72.225,21.799],[72.202,21.825],[72.223,21.797],[72.244,21.767],[72.255,21.733],[72.271,21.702],[72.285,21.667],[72.303,21.637],[72.29,21.604],[72.27,21.575],[72.265,21.54],[72.255,21.506],[72.242,21.473],[72.224,21.442],[72.202,21.415],[72.174,21.392],[72.155,21.363],[72.131,21.337],[72.112,21.308],[72.076,21.303],[72.097,21.273],[72.086,21.238],[72.111,21.214],[72.087,21.187],[72.055,21.173],[72.023,21.154],[71.988,21.159],[71.975,21.127],[71.942,21.117],[71.907,21.11],[71.878,21.089],[71.845,21.078],[71.812,21.068],[71.794,21.037],[71.762,21.021],[71.728,21.015],[71.692,21.009],[71.658,20.998],[71.634,20.973],[71.599,20.965],[71.567,20.951],[71.53,20.943],[71.508,20.916],[71.479,20.896],[71.448,20.877],[71.414,20.868],[71.379,20.874],[71.352,20.851],[71.318,20.843],[71.286,20.828],[71.253,20.815],[71.22,20.804],[71.19,20.786],[71.155,20.778],[71.127,20.757],[71.091,20.758],[71.065,20.734],[71.03,20.739],[70.995,20.733],[70.961,20.741],[70.921,20.729],[70.892,20.708],[70.914,20.736],[70.879,20.731],[70.844,20.76],[70.865,20.79],[70.897,20.816],[70.85,20.832],[70.817,20.851],[70.865,20.865],[70.897,20.882],[70.892,20.93],[70.869,20.957],[70.833,20.969],[70.794,20.959],[70.756,20.974],[70.722,20.944],[70.713,20.906],[70.684,20.851],[70.678,20.809],[70.677,20.772],[70.642,20.765],[70.609,20.776],[70.577,20.79],[70.544,20.803],[70.513,20.819],[70.482,20.836],[70.448,20.848],[70.42,20.868],[70.395,20.893],[70.361,20.903],[70.332,20.923],[70.303,20.943],[70.274,20.963],[70.247,20.985],[70.219,21.007],[70.192,21.028],[70.163,21.05],[70.139,21.076],[70.112,21.098],[70.085,21.12],[70.059,21.144],[70.036,21.171],[70.011,21.195],[69.987,21.221],[69.963,21.247],[69.94,21.274],[69.917,21.3],[69.893,21.326],[69.871,21.353],[69.848,21.379],[69.825,21.405],[69.801,21.432],[69.778,21.458],[69.754,21.483],[69.731,21.51],[69.729,21.545],[69.748,21.575],[69.752,21.61],[69.737,21.642],[69.702,21.646],[69.708,21.611],[69.675,21.623],[69.642,21.637],[69.67,21.616],[69.696,21.592],[69.724,21.571],[69.709,21.54],[69.68,21.559],[69.655,21.584],[69.631,21.609],[69.605,21.633],[69.572,21.647],[69.546,21.67],[69.52,21.693],[69.494,21.717],[69.469,21.742],[69.44,21.761],[69.414,21.785],[69.389,21.81],[69.364,21.834],[69.334,21.853],[69.307,21.875],[69.28,21.898],[69.255,21.922],[69.229,21.946],[69.205,21.972],[69.18,21.997],[69.157,22.023],[69.133,22.048],[69.108,22.074],[69.086,22.101],[69.06,22.125],[69.037,22.151],[69.013,22.177],[68.989,22.203],[68.969,22.232],[68.955,22.264],[68.94,22.296],[68.942,22.331],[68.957,22.363],[68.972,22.395],[68.995,22.422],[69.02,22.447],[69.052,22.463],[69.085,22.474],[69.062,22.448],[69.053,22.414],[69.083,22.392],[69.115,22.405],[69.151,22.405],[69.182,22.422],[69.2,22.391],[69.177,22.364],[69.168,22.33],[69.169,22.295],[69.195,22.272],[69.228,22.258],[69.262,22.269],[69.295,22.28],[69.325,22.298],[69.339,22.33],[69.372,22.318],[69.409,22.316],[69.442,22.33],[69.477,22.334],[69.496,22.363],[69.523,22.386],[69.51,22.418],[69.544,22.407],[69.551,22.373],[69.585,22.362],[69.573,22.328],[69.602,22.348],[69.636,22.359],[69.66,22.385],[69.696,22.395],[69.699,22.43],[69.717,22.461],[69.743,22.437],[69.774,22.422],[69.805,22.404],[69.823,22.434],[69.835,22.468],[69.864,22.447],[69.894,22.465],[69.917,22.492],[69.949,22.507],[69.965,22.538],[70,22.547],[70.034,22.557],[70.068,22.549],[70.104,22.547],[70.139,22.549],[70.172,22.56],[70.195,22.586],[70.205,22.62],[70.229,22.646],[70.24,22.68],[70.255,22.712],[70.278,22.738],[70.302,22.764],[70.316,22.797],[70.337,22.825],[70.348,22.858],[70.368,22.888],[70.393,22.912],[70.422,22.932],[70.437,22.964],[70.458,22.992],[70.475,23.022],[70.488,23.055],[70.455,23.066],[70.423,23.051],[70.397,23.027],[70.395,22.992],[70.39,22.957],[70.362,22.935],[70.327,22.935],[70.292,22.945],[70.262,22.963],[70.229,22.977],[70.2,22.996],[70.221,22.967],[70.19,22.95],[70.155,22.947],[70.123,22.961],[70.131,22.995],[70.152,23.023],[70.128,22.997],[70.111,22.966],[70.137,22.942],[70.115,22.915],[70.078,22.907],[70.044,22.899],[70.009,22.9],[69.972,22.897],[69.937,22.893],[69.911,22.87],[69.876,22.872],[69.841,22.864],[69.807,22.852],[69.777,22.836],[69.749,22.813],[69.736,22.781],[69.715,22.752],[69.68,22.751],[69.647,22.763],[69.612,22.766],[69.577,22.767],[69.548,22.787],[69.512,22.789],[69.48,22.776],[69.445,22.782],[69.415,22.801],[69.383,22.815],[69.347,22.82],[69.313,22.832],[69.277,22.826],[69.242,22.832],[69.207,22.838],[69.174,22.852],[69.142,22.868],[69.112,22.887],[69.082,22.906],[69.052,22.924],[69.021,22.941],[68.989,22.955],[68.958,22.972],[68.928,22.992],[68.897,23.008],[68.867,23.027],[68.836,23.043],[68.806,23.062],[68.774,23.076],[68.744,23.095],[68.716,23.116],[68.687,23.135],[68.656,23.153],[68.638,23.183],[68.608,23.202],[68.584,23.228],[68.618,23.219],[68.641,23.245],[68.667,23.27],[68.634,23.281],[68.665,23.297],[68.699,23.306],[68.734,23.307],[68.699,23.314],[68.665,23.303],[68.633,23.318],[68.627,23.353],[68.605,23.381],[68.572,23.392],[68.547,23.417],[68.531,23.448],[68.508,23.474],[68.495,23.507],[68.488,23.542],[68.49,23.577],[68.492,23.614],[68.499,23.648],[68.533,23.66],[68.542,23.694],[68.563,23.722],[68.596,23.733],[68.624,23.755],[68.645,23.783],[68.668,23.809],[68.702,23.824],[68.735,23.833],[68.747,23.867],[68.712,23.857],[68.677,23.862],[68.645,23.846],[68.605,23.838],[68.574,23.821],[68.558,23.79],[68.538,23.76],[68.516,23.788],[68.515,23.823],[68.548,23.837],[68.567,23.866],[68.593,23.89],[68.626,23.901],[68.659,23.915],[68.625,23.906],[68.607,23.936],[68.572,23.924],[68.541,23.94],[68.686,23.962],[68.721,23.962],[68.751,24],[68.76,24.036],[68.761,24.1],[68.762,24.161],[68.763,24.207],[68.764,24.284],[68.805,24.303],[68.836,24.25],[68.848,24.208],[68.886,24.196],[68.913,24.241],[68.947,24.277],[68.971,24.238],[69.004,24.227],[69.039,24.242],[69.07,24.26],[69.105,24.266],[69.148,24.25],[69.19,24.236],[69.229,24.251],[69.268,24.264],[69.31,24.277],[69.362,24.266],[69.4,24.271],[69.438,24.273],[69.484,24.257],[69.528,24.259],[69.58,24.27],[69.617,24.26],[69.67,24.217],[69.702,24.19],[69.739,24.174],[69.825,24.167],[69.866,24.165],[69.906,24.166],[69.979,24.165],[70.019,24.17],[70.059,24.193],[70.088,24.235],[70.104,24.27],[70.144,24.298],[70.191,24.308],[70.231,24.317],[70.271,24.33],[70.307,24.342],[70.358,24.352],[70.46,24.387],[70.532,24.41],[70.575,24.42],[70.607,24.404],[70.597,24.368],[70.573,24.341],[70.573,24.298],[70.572,24.259],[70.609,24.24],[70.655,24.225],[70.726,24.221],[70.764,24.221],[70.806,24.223],[70.842,24.238],[70.883,24.254],[70.885,24.291],[70.915,24.31],[70.945,24.334],[70.982,24.352],[71.017,24.346],[71.061,24.354],[71.087,24.38],[71.121,24.391],[71.124,24.428],[71.076,24.434],[71.029,24.433],[71.008,24.467],[71.014,24.502],[70.998,24.541],[70.999,24.585],[71.015,24.62],[71.046,24.639],[71.085,24.661],[71.119,24.669],[71.172,24.649],[71.207,24.64],[71.242,24.627],[71.287,24.613],[71.318,24.636],[71.351,24.653],[71.375,24.623],[71.413,24.635],[71.445,24.654],[71.488,24.674],[71.527,24.677],[71.568,24.674],[71.605,24.666],[71.641,24.656],[71.67,24.637],[71.716,24.654],[71.758,24.66],[71.799,24.671],[71.813,24.633],[71.847,24.615],[71.863,24.649],[71.891,24.67],[71.926,24.662],[71.935,24.627],[71.979,24.647],[72.001,24.683],[72.041,24.695],[72.08,24.7],[72.085,24.659],[72.102,24.643]]]]}},{"type":"Feature","id":13,"properties":{"id":13,"name":"Haryana","type":"State"},"geometry":{"type":"Polygon","coordinates":[[[76.837,30.879],[76.879,30.886],[76.916,30.869],[76.934,30.832],[76.962,30.809],[76.998,30.814],[76.989,30.777],[77.009,30.746],[77.047,30.749],[77.086,30.74],[77.117,30.718],[77.147,30.693],[77.153,30.659],[77.159,30.614],[77.14,30.583],[77.122,30.548],[77.164,30.534],[77.196,30.512],[77.227,30.489],[77.261,30.476],[77.294,30.459],[77.333,30.464],[77.37,30.446],[77.395,30.421],[77.426,30.441],[77.435,30.404],[77.478,30.413],[77.501,30.444],[77.526,30.417],[77.552,30.393],[77.59,30.377],[77.57,30.337],[77.556,30.303],[77.527,30.282],[77.506,30.242],[77.484,30.21],[77.46,30.184],[77.424,30.168],[77.416,30.133],[77.397,30.096],[77.357,30.084],[77.325,30.062],[77.286,30.057],[77.268,30.022],[77.25,29.988],[77.225,29.959],[77.203,29.931],[77.18,29.902],[77.178,29.862],[77.165,29.824],[77.142,29.788],[77.118,29.76],[77.14,29.717],[77.119,29.686],[77.11,29.647],[77.094,29.613],[77.102,29.577],[77.086,29.539],[77.115,29.503],[77.114,29.462],[77.136,29.432],[77.14,29.395],[77.119,29.362],[77.152,29.339],[77.142,29.302],[77.135,29.266],[77.127,29.228],[77.14,29.182],[77.139,29.135],[77.124,29.101],[77.157,29.078],[77.177,29.036],[77.211,29.011],[77.191,28.962],[77.197,28.921],[77.178,28.886],[77.151,28.848],[77.11,28.866],[77.076,28.885],[77.038,28.853],[77.007,28.835],[76.971,28.825],[76.937,28.809],[76.947,28.774],[76.951,28.736],[76.954,28.701],[76.93,28.674],[76.934,28.638],[76.897,28.633],[76.861,28.603],[76.838,28.557],[76.876,28.528],[76.923,28.519],[76.968,28.528],[77.006,28.514],[77.042,28.519],[77.086,28.511],[77.102,28.476],[77.118,28.442],[77.152,28.428],[77.195,28.413],[77.241,28.429],[77.226,28.464],[77.254,28.486],[77.296,28.491],[77.329,28.508],[77.364,28.493],[77.398,28.471],[77.428,28.444],[77.456,28.421],[77.486,28.38],[77.466,28.341],[77.496,28.307],[77.465,28.277],[77.502,28.258],[77.539,28.254],[77.517,28.221],[77.491,28.193],[77.53,28.193],[77.499,28.163],[77.5,28.127],[77.473,28.104],[77.483,28.061],[77.502,28.027],[77.535,27.993],[77.511,27.968],[77.519,27.932],[77.485,27.944],[77.472,27.901],[77.446,27.878],[77.414,27.897],[77.414,27.861],[77.374,27.864],[77.333,27.855],[77.305,27.831],[77.277,27.807],[77.241,27.79],[77.207,27.801],[77.169,27.785],[77.152,27.816],[77.135,27.784],[77.094,27.79],[77.065,27.813],[77.024,27.798],[77.047,27.768],[77.078,27.743],[77.044,27.732],[77.011,27.747],[76.983,27.719],[76.973,27.68],[76.938,27.674],[76.905,27.656],[76.895,27.69],[76.883,27.724],[76.891,27.761],[76.904,27.795],[76.904,27.833],[76.928,27.867],[76.937,27.908],[76.919,27.941],[76.925,27.978],[76.931,28.031],[76.943,28.067],[76.956,28.112],[76.942,28.149],[76.912,28.172],[76.884,28.195],[76.864,28.225],[76.827,28.217],[76.798,28.194],[76.791,28.157],[76.755,28.147],[76.72,28.132],[76.689,28.114],[76.651,28.097],[76.649,28.062],[76.662,28.023],[76.625,28.01],[76.584,28],[76.553,27.975],[76.538,28.008],[76.531,28.043],[76.496,28.044],[76.456,28.046],[76.49,28.059],[76.464,28.084],[76.498,28.107],[76.473,28.136],[76.437,28.152],[76.397,28.148],[76.36,28.143],[76.343,28.174],[76.309,28.183],[76.323,28.149],[76.356,28.128],[76.314,28.112],[76.332,28.077],[76.341,28.036],[76.297,28.026],[76.282,28.059],[76.244,28.069],[76.208,28.056],[76.196,28.022],[76.159,28.005],[76.179,27.973],[76.17,27.933],[76.191,27.903],[76.193,27.864],[76.223,27.841],[76.19,27.827],[76.153,27.821],[76.128,27.847],[76.096,27.865],[76.06,27.857],[76.021,27.858],[75.984,27.863],[75.967,27.899],[75.929,27.917],[75.939,27.951],[75.973,27.958],[75.955,27.989],[75.989,28.004],[75.974,28.037],[76.01,28.037],[76.033,28.069],[75.998,28.057],[75.959,28.084],[75.968,28.119],[75.995,28.151],[76.028,28.173],[76.066,28.168],[76.045,28.203],[76.026,28.236],[76.019,28.281],[75.987,28.296],[75.955,28.319],[75.927,28.345],[75.905,28.376],[75.872,28.391],[75.835,28.398],[75.803,28.414],[75.765,28.421],[75.785,28.451],[75.747,28.469],[75.701,28.495],[75.671,28.517],[75.644,28.543],[75.619,28.589],[75.585,28.606],[75.549,28.643],[75.537,28.682],[75.531,28.717],[75.522,28.756],[75.499,28.788],[75.513,28.837],[75.488,28.898],[75.467,28.926],[75.504,28.952],[75.515,28.991],[75.484,29.019],[75.435,29.017],[75.43,29.056],[75.39,29.068],[75.381,29.103],[75.374,29.137],[75.389,29.171],[75.396,29.213],[75.399,29.255],[75.358,29.255],[75.315,29.236],[75.325,29.278],[75.29,29.278],[75.249,29.256],[75.212,29.235],[75.18,29.269],[75.147,29.246],[75.108,29.227],[75.063,29.239],[75.05,29.272],[75.006,29.284],[74.968,29.282],[74.94,29.305],[74.927,29.365],[74.895,29.384],[74.857,29.399],[74.81,29.398],[74.786,29.371],[74.732,29.354],[74.689,29.365],[74.65,29.372],[74.644,29.335],[74.606,29.328],[74.597,29.362],[74.569,29.397],[74.541,29.423],[74.531,29.458],[74.572,29.462],[74.593,29.492],[74.614,29.527],[74.582,29.548],[74.57,29.586],[74.577,29.621],[74.585,29.675],[74.6,29.713],[74.605,29.753],[74.564,29.755],[74.526,29.741],[74.483,29.744],[74.465,29.788],[74.492,29.827],[74.533,29.839],[74.552,29.874],[74.526,29.903],[74.519,29.943],[74.552,29.929],[74.586,29.915],[74.622,29.908],[74.649,29.931],[74.681,29.949],[74.724,29.962],[74.759,29.974],[74.794,29.99],[74.829,29.969],[74.866,29.959],[74.916,29.949],[74.936,29.915],[74.97,29.89],[74.99,29.856],[75.023,29.873],[75.06,29.876],[75.078,29.912],[75.103,29.877],[75.081,29.849],[75.089,29.813],[75.125,29.806],[75.154,29.781],[75.155,29.82],[75.189,29.835],[75.198,29.796],[75.223,29.764],[75.198,29.731],[75.195,29.688],[75.159,29.669],[75.173,29.63],[75.221,29.607],[75.222,29.57],[75.255,29.554],[75.291,29.562],[75.294,29.598],[75.308,29.633],[75.318,29.671],[75.353,29.704],[75.382,29.727],[75.397,29.761],[75.435,29.78],[75.498,29.778],[75.544,29.772],[75.569,29.743],[75.613,29.746],[75.641,29.771],[75.678,29.757],[75.706,29.809],[75.748,29.812],[75.796,29.807],[75.833,29.791],[75.864,29.752],[75.903,29.746],[75.937,29.733],[75.973,29.732],[76.004,29.751],[76.041,29.749],[76.063,29.777],[76.086,29.81],[76.121,29.799],[76.153,29.816],[76.186,29.831],[76.216,29.855],[76.185,29.889],[76.171,29.923],[76.204,29.944],[76.197,29.98],[76.191,30.014],[76.206,30.046],[76.226,30.075],[76.254,30.101],[76.221,30.114],[76.191,30.135],[76.226,30.14],[76.266,30.118],[76.313,30.109],[76.349,30.128],[76.384,30.124],[76.402,30.158],[76.391,30.192],[76.429,30.18],[76.431,30.141],[76.449,30.105],[76.491,30.097],[76.526,30.081],[76.559,30.098],[76.59,30.079],[76.625,30.102],[76.623,30.145],[76.639,30.185],[76.609,30.213],[76.59,30.254],[76.548,30.234],[76.581,30.27],[76.62,30.288],[76.662,30.3],[76.688,30.326],[76.724,30.344],[76.716,30.38],[76.725,30.42],[76.758,30.439],[76.797,30.415],[76.832,30.434],[76.865,30.409],[76.876,30.37],[76.917,30.383],[76.904,30.418],[76.891,30.451],[76.894,30.49],[76.92,30.518],[76.888,30.538],[76.904,30.575],[76.9,30.62],[76.868,30.642],[76.862,30.679],[76.835,30.656],[76.818,30.691],[76.834,30.724],[76.828,30.764],[76.841,30.799],[76.828,30.833],[76.785,30.861],[76.763,30.893],[76.799,30.925],[76.823,30.888],[76.837,30.879]]]}},{"type":"Feature","id":14,"properties":{"id":14,"name":"Himachal Pradesh","type":"Union Territor"},"geometry":{"type":"Polygon","coordinates":[[[76.803,33.237],[76.803,33.194],[76.803,33.156],[76.837,33.126],[76.877,33.114],[76.891,33.081],[76.91,33.05],[76.948,33.018],[76.981,33.001],[77.02,32.992],[77.058,32.986],[77.097,32.978],[77.136,32.98],[77.146,32.943],[77.182,32.915],[77.218,32.897],[77.239,32.865],[77.274,32.86],[77.313,32.846],[77.336,32.819],[77.362,32.843],[77.379,32.881],[77.418,32.879],[77.448,32.862],[77.485,32.887],[77.52,32.887],[77.545,32.912],[77.58,32.932],[77.617,32.944],[77.65,32.958],[77.678,32.981],[77.712,32.972],[77.739,32.947],[77.778,32.916],[77.766,32.88],[77.788,32.85],[77.825,32.84],[77.855,32.821],[77.872,32.786],[77.909,32.772],[77.912,32.737],[77.902,32.698],[77.926,32.667],[77.953,32.64],[77.968,32.608],[78.017,32.587],[78.032,32.628],[78.067,32.626],[78.089,32.66],[78.121,32.642],[78.144,32.677],[78.18,32.67],[78.225,32.676],[78.259,32.703],[78.296,32.713],[78.314,32.749],[78.364,32.763],[78.375,32.723],[78.364,32.686],[78.371,32.638],[78.341,32.593],[78.302,32.579],[78.299,32.529],[78.306,32.478],[78.356,32.513],[78.394,32.529],[78.426,32.512],[78.446,32.482],[78.462,32.448],[78.503,32.426],[78.496,32.391],[78.468,32.358],[78.465,32.321],[78.466,32.284],[78.445,32.256],[78.483,32.243],[78.52,32.25],[78.562,32.237],[78.593,32.219],[78.594,32.182],[78.588,32.147],[78.61,32.118],[78.648,32.107],[78.674,32.069],[78.695,32.041],[78.725,32.018],[78.761,32.001],[78.761,31.964],[78.745,31.925],[78.728,31.89],[78.723,31.847],[78.695,31.817],[78.696,31.779],[78.712,31.745],[78.729,31.702],[78.765,31.686],[78.787,31.658],[78.817,31.636],[78.823,31.601],[78.797,31.576],[78.764,31.562],[78.73,31.544],[78.708,31.515],[78.744,31.49],[78.773,31.468],[78.796,31.44],[78.776,31.407],[78.811,31.391],[78.838,31.364],[78.829,31.33],[78.86,31.309],[78.878,31.273],[78.906,31.25],[78.935,31.222],[78.953,31.19],[78.978,31.155],[78.997,31.118],[78.956,31.111],[78.92,31.108],[78.884,31.104],[78.852,31.126],[78.819,31.147],[78.801,31.178],[78.771,31.197],[78.72,31.197],[78.676,31.203],[78.638,31.208],[78.61,31.231],[78.567,31.234],[78.537,31.207],[78.487,31.204],[78.457,31.228],[78.427,31.256],[78.391,31.253],[78.369,31.288],[78.327,31.288],[78.293,31.266],[78.258,31.26],[78.233,31.235],[78.193,31.223],[78.155,31.23],[78.119,31.214],[78.088,31.191],[78.04,31.188],[78.017,31.159],[77.979,31.166],[77.941,31.171],[77.909,31.156],[77.879,31.132],[77.85,31.104],[77.825,31.074],[77.815,31.034],[77.814,30.999],[77.797,30.968],[77.754,30.977],[77.735,30.944],[77.763,30.92],[77.801,30.913],[77.784,30.879],[77.748,30.882],[77.731,30.851],[77.727,30.814],[77.705,30.779],[77.709,30.744],[77.734,30.717],[77.743,30.681],[77.777,30.666],[77.771,30.628],[77.742,30.607],[77.754,30.57],[77.791,30.56],[77.805,30.525],[77.768,30.504],[77.737,30.487],[77.699,30.469],[77.662,30.449],[77.617,30.436],[77.581,30.43],[77.573,30.393],[77.539,30.402],[77.518,30.431],[77.487,30.413],[77.443,30.405],[77.453,30.44],[77.417,30.434],[77.382,30.439],[77.35,30.457],[77.311,30.454],[77.275,30.464],[77.242,30.485],[77.203,30.48],[77.191,30.519],[77.152,30.537],[77.117,30.557],[77.147,30.589],[77.16,30.631],[77.155,30.668],[77.134,30.702],[77.103,30.72],[77.077,30.745],[77.038,30.753],[77.004,30.766],[77,30.805],[76.962,30.809],[76.934,30.832],[76.916,30.869],[76.879,30.886],[76.837,30.879],[76.81,30.907],[76.77,30.906],[76.738,30.93],[76.713,30.963],[76.668,30.97],[76.633,30.991],[76.614,31.022],[76.61,31.061],[76.612,31.096],[76.589,31.128],[76.589,31.165],[76.606,31.197],[76.626,31.227],[76.587,31.216],[76.602,31.251],[76.571,31.28],[76.535,31.255],[76.511,31.283],[76.476,31.292],[76.431,31.283],[76.437,31.317],[76.413,31.348],[76.391,31.379],[76.373,31.414],[76.335,31.404],[76.33,31.368],[76.3,31.344],[76.277,31.31],[76.223,31.313],[76.186,31.305],[76.166,31.341],[76.135,31.362],[76.153,31.397],[76.143,31.432],[76.121,31.461],[76.108,31.495],[76.089,31.528],[76.066,31.561],[76.043,31.592],[76.018,31.622],[76.004,31.657],[75.976,31.695],[75.966,31.733],[75.945,31.781],[75.922,31.817],[75.96,31.818],[75.944,31.858],[75.926,31.89],[75.903,31.928],[75.878,31.962],[75.842,31.974],[75.806,31.985],[75.774,32.001],[75.748,32.027],[75.71,32.036],[75.673,32.067],[75.625,32.073],[75.579,32.082],[75.611,32.1],[75.648,32.138],[75.656,32.177],[75.62,32.185],[75.62,32.22],[75.652,32.255],[75.705,32.267],[75.752,32.284],[75.783,32.322],[75.814,32.351],[75.844,32.379],[75.911,32.409],[75.915,32.449],[75.887,32.472],[75.855,32.5],[75.856,32.538],[75.875,32.571],[75.905,32.615],[75.925,32.654],[75.899,32.681],[75.91,32.721],[75.912,32.757],[75.886,32.795],[75.855,32.826],[75.821,32.843],[75.795,32.869],[75.802,32.91],[75.828,32.934],[75.867,32.93],[75.9,32.916],[75.934,32.884],[75.983,32.9],[76.017,32.918],[76.05,32.944],[76.078,32.966],[76.095,33],[76.128,33.01],[76.188,33.028],[76.229,33.03],[76.268,33.086],[76.292,33.12],[76.336,33.146],[76.366,33.168],[76.401,33.187],[76.442,33.18],[76.489,33.19],[76.534,33.199],[76.577,33.206],[76.598,33.177],[76.641,33.165],[76.685,33.174],[76.73,33.179],[76.751,33.21],[76.755,33.247],[76.797,33.241],[76.803,33.237]]]}},{"type":"Feature","id":15,"properties":{"id":15,"name":"Jammu and Kashmir","type":"State"},"geometry":{"type":"Polygon","coordinates":[[[77.9,35.428],[77.944,35.463],[77.991,35.487],[78.045,35.491],[78.082,35.492],[78.108,35.465],[78.072,35.447],[78.032,35.423],[77.997,35.394],[77.992,35.349],[78.002,35.298],[78.014,35.264],[78.032,35.22],[78.052,35.191],[78.116,35.145],[78.111,35.107],[78.083,35.082],[78.115,35.015],[78.13,34.978],[78.167,34.912],[78.185,34.882],[78.207,34.766],[78.232,34.717],[78.266,34.679],[78.3,34.662],[78.387,34.652],[78.407,34.621],[78.443,34.602],[78.482,34.603],[78.537,34.614],[78.582,34.603],[78.611,34.583],[78.638,34.552],[78.681,34.516],[78.717,34.501],[78.749,34.477],[78.788,34.441],[78.825,34.414],[78.876,34.395],[78.915,34.379],[78.961,34.346],[78.989,34.319],[78.985,34.268],[78.956,34.218],[78.91,34.181],[78.879,34.161],[78.815,34.133],[78.774,34.115],[78.729,34.096],[78.706,34.059],[78.76,34.036],[78.764,34.002],[78.728,33.977],[78.717,33.939],[78.717,33.89],[78.742,33.84],[78.775,33.801],[78.775,33.746],[78.737,33.709],[78.709,33.68],[78.727,33.623],[78.758,33.571],[78.784,33.533],[78.819,33.489],[78.87,33.44],[78.921,33.399],[78.955,33.374],[78.989,33.347],[79.02,33.331],[79.048,33.306],[79.069,33.273],[79.071,33.238],[79.113,33.211],[79.157,33.198],[79.206,33.194],[79.315,33.189],[79.356,33.19],[79.394,33.189],[79.418,33.155],[79.399,33.115],[79.374,33.073],[79.355,33.031],[79.351,32.991],[79.365,32.957],[79.391,32.93],[79.432,32.905],[79.455,32.878],[79.465,32.817],[79.496,32.784],[79.533,32.76],[79.555,32.71],[79.564,32.671],[79.558,32.631],[79.524,32.596],[79.489,32.593],[79.448,32.586],[79.404,32.558],[79.362,32.538],[79.32,32.491],[79.27,32.518],[79.235,32.519],[79.183,32.501],[79.149,32.484],[79.122,32.456],[79.121,32.418],[79.109,32.383],[79.068,32.385],[79.025,32.367],[78.983,32.346],[78.924,32.363],[78.888,32.392],[78.857,32.419],[78.821,32.436],[78.798,32.463],[78.775,32.491],[78.773,32.544],[78.776,32.588],[78.771,32.636],[78.765,32.674],[78.736,32.696],[78.664,32.656],[78.632,32.611],[78.595,32.607],[78.559,32.612],[78.509,32.595],[78.48,32.573],[78.443,32.572],[78.411,32.554],[78.412,32.519],[78.377,32.526],[78.31,32.476],[78.279,32.508],[78.297,32.578],[78.332,32.585],[78.377,32.615],[78.363,32.672],[78.378,32.719],[78.373,32.76],[78.314,32.749],[78.296,32.713],[78.259,32.703],[78.225,32.676],[78.184,32.664],[78.144,32.677],[78.121,32.642],[78.089,32.66],[78.067,32.626],[78.034,32.636],[78.042,32.599],[77.987,32.588],[77.962,32.614],[77.939,32.648],[77.92,32.68],[77.906,32.712],[77.917,32.752],[77.887,32.775],[77.865,32.807],[77.831,32.835],[77.792,32.849],[77.766,32.88],[77.778,32.916],[77.748,32.939],[77.712,32.972],[77.678,32.981],[77.65,32.958],[77.617,32.944],[77.582,32.939],[77.554,32.913],[77.523,32.89],[77.485,32.887],[77.455,32.862],[77.426,32.884],[77.387,32.886],[77.36,32.86],[77.348,32.821],[77.311,32.838],[77.274,32.86],[77.239,32.865],[77.218,32.897],[77.182,32.915],[77.146,32.914],[77.146,32.956],[77.12,32.983],[77.084,32.974],[77.052,32.991],[77.011,32.993],[76.967,33.007],[76.933,33.028],[76.9,33.064],[76.885,33.097],[76.853,33.112],[76.829,33.138],[76.801,33.162],[76.819,33.206],[76.829,33.243],[76.785,33.254],[76.76,33.225],[76.734,33.193],[76.697,33.181],[76.661,33.171],[76.613,33.166],[76.584,33.193],[76.547,33.21],[76.506,33.196],[76.469,33.18],[76.43,33.183],[76.392,33.187],[76.361,33.163],[76.316,33.13],[76.275,33.104],[76.255,33.052],[76.216,33.029],[76.152,33.023],[76.116,33.009],[76.086,32.975],[76.054,32.951],[76.024,32.932],[75.987,32.901],[75.946,32.885],[75.914,32.906],[75.881,32.925],[75.834,32.935],[75.798,32.919],[75.789,32.885],[75.808,32.853],[75.855,32.826],[75.886,32.795],[75.912,32.757],[75.91,32.721],[75.899,32.681],[75.925,32.654],[75.908,32.619],[75.873,32.576],[75.838,32.538],[75.816,32.499],[75.779,32.475],[75.744,32.469],[75.725,32.438],[75.698,32.41],[75.663,32.394],[75.593,32.382],[75.557,32.367],[75.524,32.34],[75.516,32.298],[75.48,32.31],[75.452,32.332],[75.415,32.324],[75.379,32.329],[75.344,32.34],[75.289,32.358],[75.253,32.38],[75.224,32.4],[75.193,32.418],[75.148,32.413],[75.121,32.441],[75.083,32.48],[75.037,32.492],[75.006,32.469],[74.973,32.448],[74.934,32.468],[74.897,32.467],[74.862,32.489],[74.819,32.496],[74.761,32.482],[74.721,32.482],[74.687,32.493],[74.683,32.53],[74.652,32.56],[74.643,32.596],[74.658,32.637],[74.669,32.675],[74.65,32.718],[74.662,32.755],[74.688,32.796],[74.697,32.84],[74.661,32.828],[74.642,32.792],[74.614,32.758],[74.579,32.753],[74.543,32.745],[74.503,32.76],[74.472,32.778],[74.451,32.817],[74.426,32.858],[74.425,32.893],[74.389,32.908],[74.348,32.908],[74.316,32.93],[74.346,32.966],[74.352,33.013],[74.308,33.031],[74.255,33.049],[74.216,33.043],[74.191,33.077],[74.157,33.126],[74.112,33.164],[74.056,33.187],[74.018,33.193],[74.011,33.238],[74.036,33.265],[74.079,33.26],[74.116,33.281],[74.167,33.344],[74.185,33.384],[74.179,33.426],[74.186,33.466],[74.165,33.496],[74.123,33.543],[74.097,33.569],[74.054,33.565],[74.015,33.598],[73.976,33.694],[73.966,33.74],[74,33.753],[74.028,33.776],[74.049,33.809],[74.09,33.826],[74.13,33.828],[74.17,33.84],[74.208,33.859],[74.246,33.895],[74.264,33.943],[74.249,34.014],[74.215,34.039],[74.161,34.039],[74.127,34.054],[74.087,34.038],[74.044,34.03],[74.006,34.022],[73.909,34.033],[73.884,34.061],[73.904,34.097],[73.917,34.142],[73.945,34.17],[73.977,34.212],[73.976,34.265],[73.941,34.302],[73.92,34.342],[73.879,34.354],[73.842,34.338],[73.807,34.357],[73.763,34.36],[73.777,34.416],[73.807,34.442],[73.855,34.473],[73.899,34.496],[73.895,34.547],[73.948,34.573],[73.927,34.646],[73.96,34.697],[74,34.708],[74.034,34.694],[74.081,34.692],[74.117,34.691],[74.175,34.717],[74.211,34.74],[74.27,34.763],[74.303,34.798],[74.341,34.79],[74.376,34.803],[74.474,34.791],[74.507,34.776],[74.544,34.777],[74.58,34.77],[74.612,34.746],[74.648,34.723],[74.703,34.693],[74.739,34.687],[74.787,34.683],[74.836,34.678],[74.89,34.684],[74.928,34.678],[74.998,34.651],[75.042,34.641],[75.085,34.655],[75.142,34.662],[75.177,34.657],[75.236,34.648],[75.258,34.618],[75.335,34.572],[75.378,34.552],[75.414,34.547],[75.465,34.543],[75.506,34.537],[75.552,34.538],[75.592,34.54],[75.644,34.534],[75.692,34.522],[75.729,34.516],[75.769,34.522],[75.81,34.548],[75.841,34.573],[75.881,34.591],[75.919,34.605],[75.946,34.631],[75.983,34.629],[76.014,34.654],[76.055,34.676],[76.093,34.667],[76.122,34.647],[76.158,34.643],[76.193,34.655],[76.227,34.672],[76.275,34.694],[76.302,34.724],[76.34,34.734],[76.386,34.736],[76.428,34.762],[76.469,34.792],[76.514,34.784],[76.545,34.766],[76.58,34.756],[76.618,34.756],[76.672,34.757],[76.706,34.801],[76.738,34.831],[76.739,34.902],[76.762,34.933],[76.799,34.936],[76.848,34.958],[76.884,34.97],[76.95,34.941],[76.989,34.935],[77.011,34.967],[77.01,35.016],[77.068,35.024],[77.11,35.039],[77.157,35.055],[77.195,35.079],[77.281,35.138],[77.379,35.198],[77.419,35.22],[77.485,35.267],[77.54,35.298],[77.585,35.324],[77.651,35.367],[77.736,35.434],[77.775,35.46],[77.815,35.485],[77.847,35.501],[77.863,35.459],[77.889,35.429],[77.9,35.428]]]}},{"type":"Feature","id":16,"properties":{"id":16,"name":"Jharkhand","type":"State"},"geometry":{"type":"Polygon","coordinates":[[[87.6,25.315],[87.652,25.307],[87.688,25.305],[87.708,25.271],[87.763,25.249],[87.788,25.22],[87.78,25.185],[87.771,25.139],[87.773,25.099],[87.8,25.071],[87.835,25.057],[87.877,25.028],[87.902,24.999],[87.924,24.967],[87.956,24.941],[87.972,24.903],[87.945,24.873],[87.911,24.856],[87.896,24.823],[87.875,24.79],[87.85,24.761],[87.814,24.753],[87.852,24.735],[87.887,24.725],[87.897,24.691],[87.913,24.659],[87.889,24.631],[87.908,24.599],[87.887,24.563],[87.85,24.558],[87.817,24.57],[87.78,24.582],[87.803,24.554],[87.801,24.518],[87.821,24.488],[87.815,24.454],[87.792,24.427],[87.798,24.391],[87.779,24.357],[87.764,24.325],[87.74,24.293],[87.706,24.278],[87.683,24.249],[87.647,24.249],[87.638,24.212],[87.674,24.2],[87.696,24.171],[87.664,24.154],[87.628,24.163],[87.59,24.16],[87.608,24.129],[87.578,24.11],[87.556,24.082],[87.527,24.104],[87.494,24.115],[87.506,24.082],[87.504,24.046],[87.486,24.016],[87.449,24.016],[87.458,23.981],[87.422,23.991],[87.382,24.003],[87.337,23.995],[87.332,24.031],[87.297,24.03],[87.258,24.035],[87.244,24.001],[87.262,23.966],[87.292,23.939],[87.295,23.899],[87.27,23.873],[87.257,23.908],[87.245,23.868],[87.246,23.828],[87.222,23.858],[87.192,23.84],[87.157,23.865],[87.154,23.826],[87.134,23.796],[87.096,23.809],[87.057,23.816],[87.022,23.841],[86.98,23.856],[86.943,23.843],[86.907,23.88],[86.875,23.862],[86.887,23.827],[86.844,23.822],[86.809,23.814],[86.817,23.776],[86.805,23.74],[86.794,23.706],[86.759,23.678],[86.711,23.697],[86.669,23.686],[86.633,23.676],[86.592,23.671],[86.565,23.646],[86.529,23.629],[86.481,23.635],[86.445,23.632],[86.418,23.603],[86.387,23.585],[86.365,23.557],[86.367,23.519],[86.372,23.483],[86.338,23.461],[86.3,23.444],[86.264,23.437],[86.225,23.436],[86.239,23.47],[86.203,23.459],[86.172,23.479],[86.153,23.51],[86.153,23.548],[86.119,23.574],[86.083,23.569],[86.047,23.584],[86.018,23.564],[86.027,23.524],[86.052,23.499],[86.015,23.485],[85.976,23.471],[85.944,23.455],[85.906,23.472],[85.87,23.475],[85.861,23.428],[85.885,23.387],[85.871,23.353],[85.868,23.316],[85.844,23.29],[85.831,23.243],[85.833,23.206],[85.877,23.173],[85.907,23.142],[85.944,23.129],[85.982,23.146],[86.018,23.14],[86.044,23.112],[86.081,23.104],[86.114,23.092],[86.135,23.063],[86.16,23.039],[86.201,23.015],[86.231,22.992],[86.265,23],[86.298,23.013],[86.332,22.989],[86.369,22.994],[86.411,22.987],[86.448,22.987],[86.497,22.99],[86.534,22.981],[86.518,22.944],[86.485,22.934],[86.437,22.927],[86.462,22.899],[86.448,22.862],[86.434,22.829],[86.418,22.79],[86.444,22.759],[86.479,22.722],[86.51,22.702],[86.546,22.715],[86.581,22.689],[86.618,22.673],[86.637,22.631],[86.639,22.594],[86.673,22.572],[86.728,22.575],[86.763,22.565],[86.786,22.537],[86.799,22.499],[86.77,22.476],[86.757,22.442],[86.789,22.418],[86.831,22.406],[86.841,22.369],[86.829,22.329],[86.863,22.304],[86.889,22.276],[86.858,22.254],[86.823,22.261],[86.793,22.239],[86.767,22.211],[86.725,22.214],[86.682,22.22],[86.648,22.236],[86.635,22.269],[86.598,22.274],[86.568,22.297],[86.532,22.298],[86.508,22.324],[86.468,22.332],[86.44,22.311],[86.401,22.319],[86.363,22.34],[86.339,22.366],[86.31,22.397],[86.288,22.425],[86.243,22.445],[86.209,22.463],[86.174,22.476],[86.12,22.486],[86.092,22.509],[86.069,22.543],[86.038,22.564],[86.022,22.521],[85.984,22.511],[85.961,22.479],[85.967,22.441],[85.997,22.422],[86.018,22.393],[86.006,22.349],[86.008,22.313],[86.043,22.306],[86.008,22.293],[85.985,22.257],[85.993,22.215],[86.026,22.189],[86.004,22.151],[86.003,22.113],[85.979,22.083],[85.958,22.043],[85.933,22.017],[85.909,21.99],[85.871,21.975],[85.829,21.973],[85.784,21.979],[85.756,22.008],[85.779,22.036],[85.785,22.072],[85.831,22.077],[85.802,22.111],[85.773,22.09],[85.734,22.065],[85.696,22.057],[85.658,22.074],[85.62,22.078],[85.582,22.081],[85.54,22.087],[85.506,22.111],[85.472,22.124],[85.436,22.144],[85.402,22.157],[85.363,22.155],[85.358,22.12],[85.323,22.125],[85.287,22.093],[85.265,22.06],[85.247,22.025],[85.211,22.043],[85.179,22.065],[85.141,22.074],[85.104,22.083],[85.069,22.107],[85.031,22.102],[85.002,22.08],[85.024,22.112],[85.026,22.148],[85.05,22.179],[85.063,22.216],[85.074,22.251],[85.099,22.288],[85.09,22.325],[85.075,22.361],[85.077,22.403],[85.063,22.436],[85.073,22.473],[85.037,22.475],[85,22.458],[84.96,22.444],[84.925,22.437],[84.894,22.418],[84.855,22.432],[84.813,22.432],[84.778,22.444],[84.744,22.415],[84.691,22.413],[84.632,22.429],[84.595,22.425],[84.543,22.417],[84.506,22.416],[84.476,22.394],[84.442,22.373],[84.394,22.344],[84.359,22.345],[84.324,22.339],[84.285,22.342],[84.251,22.37],[84.194,22.372],[84.152,22.401],[84.133,22.445],[84.106,22.474],[84.072,22.494],[84.033,22.512],[84.002,22.534],[84.005,22.57],[84.034,22.591],[84.08,22.637],[84.132,22.636],[84.18,22.65],[84.215,22.665],[84.228,22.698],[84.225,22.735],[84.254,22.761],[84.288,22.771],[84.31,22.799],[84.32,22.836],[84.348,22.863],[84.378,22.888],[84.39,22.924],[84.378,22.962],[84.344,22.974],[84.307,22.968],[84.272,22.971],[84.237,22.98],[84.201,22.999],[84.171,22.977],[84.138,22.998],[84.125,23.031],[84.132,23.067],[84.105,23.099],[84.067,23.107],[84.04,23.132],[84.034,23.168],[84.056,23.196],[84.054,23.234],[84.059,23.274],[84.07,23.33],[84.047,23.364],[84.011,23.363],[83.975,23.365],[83.976,23.408],[83.97,23.448],[83.989,23.482],[84.012,23.508],[84.023,23.544],[84.024,23.588],[84.002,23.62],[83.963,23.626],[83.93,23.594],[83.898,23.571],[83.86,23.578],[83.821,23.585],[83.786,23.598],[83.748,23.627],[83.729,23.667],[83.732,23.705],[83.73,23.744],[83.713,23.781],[83.699,23.816],[83.658,23.828],[83.611,23.853],[83.572,23.863],[83.549,23.893],[83.539,23.934],[83.512,23.967],[83.517,24.011],[83.479,24.039],[83.433,24.055],[83.409,24.08],[83.362,24.102],[83.324,24.101],[83.349,24.126],[83.366,24.172],[83.378,24.205],[83.391,24.245],[83.401,24.285],[83.376,24.313],[83.403,24.337],[83.441,24.361],[83.43,24.396],[83.399,24.412],[83.381,24.456],[83.394,24.489],[83.426,24.513],[83.462,24.518],[83.498,24.527],[83.535,24.526],[83.571,24.517],[83.645,24.516],[83.682,24.516],[83.717,24.505],[83.782,24.524],[83.816,24.531],[83.858,24.538],[83.903,24.542],[83.936,24.556],[83.965,24.588],[83.992,24.638],[84.027,24.628],[84.053,24.595],[84.075,24.565],[84.087,24.515],[84.11,24.481],[84.14,24.505],[84.146,24.54],[84.171,24.51],[84.173,24.547],[84.209,24.537],[84.248,24.539],[84.28,24.563],[84.309,24.54],[84.326,24.503],[84.294,24.481],[84.315,24.448],[84.326,24.411],[84.355,24.391],[84.392,24.376],[84.418,24.342],[84.455,24.339],[84.468,24.305],[84.502,24.295],[84.517,24.334],[84.524,24.369],[84.566,24.384],[84.601,24.401],[84.643,24.399],[84.668,24.426],[84.684,24.459],[84.725,24.473],[84.763,24.502],[84.795,24.529],[84.833,24.511],[84.827,24.47],[84.86,24.457],[84.878,24.423],[84.898,24.394],[84.935,24.376],[84.99,24.412],[85.032,24.425],[85.069,24.436],[85.071,24.4],[85.109,24.399],[85.148,24.418],[85.153,24.454],[85.191,24.469],[85.229,24.479],[85.27,24.498],[85.288,24.528],[85.332,24.526],[85.37,24.53],[85.403,24.545],[85.442,24.539],[85.481,24.548],[85.515,24.528],[85.54,24.556],[85.567,24.578],[85.598,24.598],[85.633,24.581],[85.67,24.588],[85.669,24.631],[85.661,24.668],[85.687,24.701],[85.705,24.74],[85.709,24.776],[85.73,24.808],[85.765,24.813],[85.811,24.794],[85.854,24.808],[85.89,24.792],[85.911,24.754],[85.943,24.734],[85.976,24.746],[86.006,24.766],[86.043,24.777],[86.039,24.741],[86.087,24.746],[86.116,24.719],[86.132,24.68],[86.118,24.642],[86.131,24.609],[86.166,24.584],[86.216,24.591],[86.257,24.583],[86.293,24.586],[86.31,24.547],[86.312,24.508],[86.294,24.476],[86.316,24.444],[86.351,24.444],[86.373,24.416],[86.416,24.379],[86.452,24.369],[86.464,24.408],[86.488,24.434],[86.489,24.474],[86.506,24.518],[86.536,24.536],[86.562,24.563],[86.59,24.593],[86.627,24.58],[86.668,24.561],[86.71,24.574],[86.746,24.59],[86.769,24.616],[86.8,24.599],[86.809,24.564],[86.847,24.553],[86.884,24.56],[86.901,24.592],[86.924,24.624],[86.966,24.632],[87.01,24.606],[87.05,24.607],[87.05,24.643],[87.06,24.677],[87.073,24.711],[87.08,24.747],[87.086,24.782],[87.077,24.818],[87.105,24.844],[87.139,24.859],[87.158,24.89],[87.155,24.927],[87.153,24.963],[87.146,25],[87.165,25.043],[87.197,25.074],[87.234,25.086],[87.27,25.094],[87.298,25.135],[87.314,25.167],[87.323,25.223],[87.358,25.211],[87.392,25.228],[87.455,25.198],[87.473,25.231],[87.495,25.26],[87.482,25.295],[87.526,25.281],[87.544,25.323],[87.579,25.344],[87.6,25.315]]]}},{"type":"Feature","id":17,"properties":{"id":17,"name":"Karnataka","type":"State"},"geometry":{"type":"MultiPolygon","coordinates":[[[[74.671,13.2],[74.671,13.2]]],[[[74.728,13.283],[74.728,13.283]]],[[[74.7,13.284],[74.7,13.284]]],[[[74.724,13.29],[74.724,13.29]]],[[[74.691,13.334],[74.691,13.334]]],[[[74.689,13.341],[74.689,13.341]]],[[[74.683,13.348],[74.683,13.348]]],[[[74.672,13.383],[74.672,13.383]]],[[[74.483,14.011],[74.483,14.011]]],[[[74.326,14.021],[74.326,14.021]]],[[[74.403,14.315],[74.403,14.315]]],[[[74.365,14.553],[74.365,14.553]]],[[[74.254,14.706],[74.254,14.706]]],[[[74.241,14.711],[74.241,14.711]]],[[[74.155,14.742],[74.155,14.742]]],[[[74.111,14.762],[74.111,14.762]]],[[[74.088,14.796],[74.088,14.796]]],[[[74.057,14.817],[74.057,14.817]]],[[[74.064,14.821],[74.064,14.821]]],[[[74.059,14.822],[74.059,14.822]]],[[[74.094,14.838],[74.094,14.838]]],[[[74.098,14.846],[74.098,14.846]]],[[[74.097,14.878],[74.097,14.878]]],[[[77.337,18.435],[77.37,18.401],[77.41,18.389],[77.398,18.354],[77.367,18.322],[77.396,18.303],[77.436,18.306],[77.445,18.27],[77.48,18.269],[77.508,18.302],[77.55,18.291],[77.598,18.281],[77.573,18.241],[77.574,18.2],[77.579,18.162],[77.594,18.128],[77.597,18.084],[77.56,18.071],[77.553,18.035],[77.587,18.013],[77.622,18.005],[77.649,17.978],[77.629,17.949],[77.619,17.913],[77.583,17.898],[77.567,17.866],[77.554,17.83],[77.518,17.808],[77.534,17.775],[77.562,17.747],[77.534,17.725],[77.494,17.716],[77.458,17.699],[77.446,17.657],[77.446,17.612],[77.461,17.577],[77.496,17.55],[77.527,17.573],[77.556,17.552],[77.59,17.563],[77.608,17.531],[77.645,17.519],[77.679,17.505],[77.648,17.481],[77.611,17.47],[77.573,17.454],[77.533,17.441],[77.511,17.413],[77.527,17.379],[77.499,17.354],[77.452,17.37],[77.453,17.328],[77.434,17.288],[77.423,17.253],[77.392,17.229],[77.391,17.192],[77.364,17.169],[77.399,17.132],[77.434,17.111],[77.464,17.087],[77.483,17.053],[77.498,17.015],[77.48,16.975],[77.464,16.94],[77.454,16.906],[77.46,16.855],[77.459,16.818],[77.471,16.779],[77.435,16.778],[77.431,16.736],[77.456,16.711],[77.462,16.672],[77.417,16.663],[77.444,16.636],[77.464,16.605],[77.437,16.581],[77.402,16.566],[77.415,16.518],[77.379,16.511],[77.352,16.483],[77.314,16.488],[77.252,16.468],[77.264,16.43],[77.295,16.4],[77.333,16.388],[77.373,16.38],[77.412,16.363],[77.449,16.376],[77.494,16.376],[77.529,16.358],[77.572,16.336],[77.591,16.305],[77.55,16.291],[77.519,16.271],[77.488,16.25],[77.511,16.223],[77.495,16.187],[77.488,16.147],[77.503,16.109],[77.503,16.073],[77.491,16.031],[77.508,15.996],[77.516,15.957],[77.509,15.921],[77.467,15.928],[77.426,15.942],[77.386,15.934],[77.335,15.943],[77.3,15.951],[77.263,15.951],[77.227,15.952],[77.188,15.951],[77.143,15.941],[77.105,15.925],[77.066,15.899],[77.041,15.864],[77.022,15.832],[77.064,15.823],[77.062,15.778],[77.043,15.734],[77.076,15.721],[77.101,15.679],[77.121,15.637],[77.081,15.653],[77.036,15.632],[77.024,15.584],[77.029,15.525],[76.996,15.5],[77.001,15.462],[77.027,15.435],[77.033,15.396],[77.038,15.359],[77.063,15.328],[77.099,15.327],[77.115,15.29],[77.149,15.278],[77.133,15.235],[77.156,15.194],[77.159,15.158],[77.154,15.121],[77.128,15.094],[77.121,15.055],[77.091,15.028],[77.061,15.002],[77.037,15.028],[77.001,15.03],[76.967,15.013],[76.932,15.026],[76.896,15.032],[76.864,15.05],[76.829,15.074],[76.797,15.091],[76.773,15.065],[76.782,15.023],[76.766,14.991],[76.797,14.963],[76.833,14.953],[76.865,14.938],[76.863,14.902],[76.852,14.863],[76.84,14.828],[76.834,14.785],[76.78,14.779],[76.795,14.741],[76.786,14.707],[76.771,14.674],[76.763,14.612],[76.778,14.579],[76.795,14.541],[76.828,14.523],[76.854,14.499],[76.88,14.471],[76.945,14.482],[76.964,14.452],[76.945,14.409],[76.901,14.398],[76.879,14.351],[76.899,14.319],[76.937,14.308],[76.925,14.272],[76.943,14.236],[76.982,14.238],[77.025,14.237],[77.06,14.224],[77.095,14.209],[77.113,14.24],[77.111,14.275],[77.131,14.314],[77.16,14.336],[77.196,14.314],[77.232,14.311],[77.267,14.327],[77.282,14.29],[77.321,14.273],[77.359,14.269],[77.355,14.23],[77.38,14.203],[77.416,14.212],[77.405,14.249],[77.381,14.283],[77.386,14.325],[77.421,14.322],[77.442,14.291],[77.479,14.284],[77.499,14.25],[77.493,14.214],[77.504,14.181],[77.463,14.164],[77.423,14.165],[77.39,14.154],[77.365,14.127],[77.345,14.096],[77.38,14.117],[77.372,14.072],[77.338,14.054],[77.344,14.019],[77.383,14.007],[77.376,13.969],[77.41,13.977],[77.429,13.943],[77.426,13.902],[77.397,13.881],[77.359,13.896],[77.363,13.942],[77.353,13.976],[77.324,14.005],[77.285,14.012],[77.243,14.006],[77.195,14.003],[77.158,13.994],[77.128,14.019],[77.097,14.041],[77.051,14.05],[77.025,14.077],[77.017,14.112],[77.016,14.153],[76.986,14.173],[76.949,14.184],[76.917,14.158],[76.887,14.136],[76.922,14.129],[76.947,14.103],[76.972,14.076],[76.95,14.048],[76.945,14.011],[76.978,13.994],[76.989,13.957],[77.019,13.935],[77.041,13.897],[77.012,13.871],[76.994,13.839],[76.968,13.814],[76.984,13.777],[76.993,13.743],[77.02,13.77],[77.055,13.745],[77.095,13.761],[77.134,13.753],[77.17,13.761],[77.156,13.798],[77.146,13.835],[77.165,13.866],[77.16,13.908],[77.18,13.878],[77.212,13.861],[77.225,13.895],[77.244,13.86],[77.275,13.843],[77.311,13.851],[77.347,13.84],[77.381,13.831],[77.419,13.834],[77.409,13.799],[77.447,13.802],[77.459,13.75],[77.457,13.713],[77.45,13.676],[77.485,13.687],[77.522,13.688],[77.527,13.725],[77.567,13.729],[77.604,13.743],[77.649,13.776],[77.679,13.756],[77.707,13.734],[77.713,13.775],[77.734,13.803],[77.769,13.809],[77.786,13.84],[77.828,13.861],[77.811,13.895],[77.814,13.931],[77.854,13.927],[77.89,13.911],[77.93,13.909],[77.954,13.937],[77.975,13.905],[77.942,13.88],[77.946,13.84],[77.981,13.849],[78.038,13.853],[78.068,13.875],[78.097,13.853],[78.117,13.822],[78.118,13.777],[78.095,13.75],[78.106,13.715],[78.085,13.681],[78.08,13.645],[78.116,13.646],[78.156,13.649],[78.186,13.621],[78.179,13.579],[78.215,13.58],[78.25,13.574],[78.292,13.579],[78.344,13.578],[78.38,13.581],[78.386,13.544],[78.374,13.506],[78.367,13.467],[78.367,13.431],[78.371,13.391],[78.355,13.355],[78.393,13.336],[78.424,13.319],[78.461,13.308],[78.495,13.279],[78.533,13.276],[78.576,13.267],[78.56,13.233],[78.56,13.198],[78.569,13.156],[78.534,13.146],[78.509,13.12],[78.514,13.085],[78.488,13.05],[78.455,13.033],[78.455,12.99],[78.426,12.97],[78.423,12.934],[78.443,12.904],[78.457,12.866],[78.436,12.901],[78.4,12.896],[78.361,12.912],[78.327,12.889],[78.306,12.856],[78.271,12.851],[78.242,12.812],[78.23,12.762],[78.19,12.761],[78.148,12.763],[78.114,12.787],[78.082,12.809],[78.051,12.832],[78.015,12.846],[77.993,12.814],[77.957,12.822],[77.921,12.816],[77.929,12.854],[77.894,12.868],[77.859,12.858],[77.822,12.855],[77.789,12.839],[77.799,12.805],[77.782,12.771],[77.778,12.734],[77.757,12.704],[77.727,12.683],[77.702,12.658],[77.666,12.664],[77.609,12.663],[77.592,12.633],[77.581,12.584],[77.572,12.54],[77.595,12.504],[77.575,12.468],[77.611,12.478],[77.618,12.443],[77.616,12.405],[77.608,12.368],[77.586,12.336],[77.556,12.297],[77.524,12.281],[77.484,12.27],[77.463,12.236],[77.469,12.197],[77.511,12.184],[77.547,12.19],[77.584,12.189],[77.621,12.192],[77.668,12.184],[77.711,12.173],[77.739,12.148],[77.767,12.109],[77.746,12.069],[77.716,12.049],[77.694,12.015],[77.677,11.984],[77.665,11.94],[77.615,11.934],[77.579,11.928],[77.531,11.926],[77.49,11.93],[77.477,11.895],[77.455,11.867],[77.452,11.823],[77.436,11.782],[77.419,11.751],[77.382,11.776],[77.346,11.764],[77.306,11.779],[77.272,11.791],[77.237,11.788],[77.19,11.783],[77.155,11.774],[77.12,11.763],[77.108,11.722],[77.072,11.725],[77.05,11.758],[77.028,11.787],[76.99,11.799],[76.963,11.771],[76.927,11.781],[76.892,11.77],[76.882,11.73],[76.854,11.699],[76.838,11.665],[76.83,11.629],[76.847,11.589],[76.808,11.596],[76.774,11.603],[76.735,11.605],[76.693,11.604],[76.634,11.604],[76.597,11.603],[76.56,11.61],[76.545,11.648],[76.525,11.686],[76.488,11.685],[76.451,11.655],[76.41,11.665],[76.403,11.699],[76.412,11.734],[76.372,11.736],[76.335,11.731],[76.303,11.77],[76.275,11.801],[76.232,11.796],[76.206,11.82],[76.196,11.856],[76.149,11.861],[76.117,11.843],[76.109,11.928],[76.108,11.971],[76.073,11.961],[76.042,11.943],[76.004,11.932],[75.968,11.927],[75.931,11.931],[75.894,11.937],[75.851,11.957],[75.824,11.984],[75.812,12.022],[75.802,12.068],[75.768,12.078],[75.728,12.064],[75.7,12.088],[75.662,12.091],[75.644,12.124],[75.617,12.149],[75.577,12.151],[75.552,12.176],[75.538,12.211],[75.517,12.244],[75.487,12.281],[75.441,12.29],[75.42,12.319],[75.421,12.362],[75.391,12.383],[75.371,12.429],[75.403,12.448],[75.42,12.48],[75.387,12.492],[75.363,12.465],[75.335,12.49],[75.305,12.517],[75.272,12.54],[75.291,12.575],[75.328,12.577],[75.298,12.598],[75.262,12.593],[75.238,12.564],[75.208,12.583],[75.203,12.623],[75.163,12.618],[75.155,12.654],[75.121,12.674],[75.092,12.695],[75.07,12.658],[75.045,12.687],[75.023,12.716],[74.99,12.731],[75.008,12.765],[74.971,12.773],[74.929,12.771],[74.898,12.755],[74.863,12.762],[74.848,12.794],[74.835,12.827],[74.821,12.858],[74.813,12.893],[74.821,12.928],[74.8,12.957],[74.793,12.991],[74.785,13.026],[74.778,13.062],[74.78,13.098],[74.762,13.131],[74.754,13.165],[74.743,13.2],[74.734,13.235],[74.727,13.27],[74.718,13.305],[74.706,13.338],[74.719,13.305],[74.711,13.34],[74.697,13.374],[74.697,13.409],[74.694,13.446],[74.688,13.483],[74.685,13.519],[74.68,13.554],[74.675,13.59],[74.669,13.625],[74.658,13.658],[74.644,13.692],[74.639,13.726],[74.632,13.761],[74.626,13.796],[74.617,13.83],[74.608,13.864],[74.593,13.896],[74.578,13.928],[74.549,13.948],[74.525,13.975],[74.509,14.007],[74.505,14.042],[74.493,14.076],[74.488,14.11],[74.478,14.147],[74.471,14.183],[74.45,14.212],[74.437,14.244],[74.426,14.278],[74.415,14.312],[74.408,14.347],[74.403,14.382],[74.394,14.416],[74.38,14.449],[74.368,14.482],[74.359,14.516],[74.393,14.529],[74.367,14.553],[74.35,14.521],[74.315,14.52],[74.31,14.555],[74.295,14.587],[74.278,14.618],[74.282,14.653],[74.277,14.688],[74.262,14.72],[74.239,14.746],[74.205,14.736],[74.173,14.751],[74.146,14.773],[74.113,14.787],[74.126,14.82],[74.115,14.853],[74.1,14.887],[74.127,14.913],[74.163,14.913],[74.172,14.951],[74.204,14.932],[74.242,14.946],[74.271,14.972],[74.276,15.01],[74.302,15.04],[74.284,15.094],[74.29,15.13],[74.311,15.162],[74.316,15.203],[74.294,15.232],[74.259,15.25],[74.283,15.281],[74.318,15.282],[74.323,15.33],[74.329,15.365],[74.29,15.381],[74.277,15.415],[74.28,15.451],[74.256,15.49],[74.284,15.519],[74.273,15.554],[74.265,15.59],[74.253,15.624],[74.245,15.666],[74.213,15.649],[74.19,15.681],[74.166,15.652],[74.129,15.65],[74.097,15.671],[74.134,15.678],[74.135,15.716],[74.162,15.742],[74.197,15.75],[74.217,15.779],[74.244,15.744],[74.285,15.743],[74.319,15.753],[74.365,15.774],[74.374,15.81],[74.389,15.844],[74.354,15.848],[74.371,15.88],[74.393,15.852],[74.402,15.887],[74.412,15.925],[74.442,15.965],[74.453,16.006],[74.47,16.041],[74.436,16.057],[74.396,16.04],[74.381,16.073],[74.415,16.092],[74.455,16.103],[74.489,16.087],[74.491,16.142],[74.498,16.181],[74.503,16.216],[74.484,16.247],[74.443,16.25],[74.421,16.281],[74.387,16.29],[74.352,16.288],[74.337,16.323],[74.328,16.368],[74.369,16.391],[74.338,16.413],[74.339,16.452],[74.305,16.461],[74.301,16.5],[74.269,16.476],[74.287,16.507],[74.272,16.539],[74.307,16.529],[74.332,16.554],[74.369,16.553],[74.401,16.571],[74.434,16.594],[74.472,16.605],[74.463,16.644],[74.496,16.628],[74.551,16.633],[74.55,16.592],[74.562,16.558],[74.605,16.562],[74.641,16.582],[74.669,16.603],[74.661,16.638],[74.696,16.675],[74.696,16.711],[74.737,16.716],[74.769,16.739],[74.804,16.751],[74.85,16.76],[74.893,16.769],[74.916,16.81],[74.912,16.856],[74.945,16.877],[74.967,16.905],[74.927,16.926],[74.967,16.936],[75.004,16.946],[75.034,16.929],[75.083,16.947],[75.098,16.914],[75.138,16.893],[75.164,16.866],[75.216,16.84],[75.243,16.864],[75.283,16.874],[75.286,16.909],[75.285,16.954],[75.338,16.954],[75.372,16.969],[75.417,16.97],[75.454,16.983],[75.49,16.965],[75.524,16.959],[75.57,16.964],[75.569,16.999],[75.61,17.003],[75.621,16.968],[75.656,16.956],[75.671,16.999],[75.672,17.036],[75.681,17.071],[75.674,17.114],[75.649,17.139],[75.628,17.17],[75.657,17.204],[75.661,17.24],[75.632,17.272],[75.606,17.303],[75.613,17.342],[75.579,17.383],[75.616,17.392],[75.619,17.439],[75.636,17.478],[75.67,17.459],[75.687,17.417],[75.722,17.412],[75.759,17.408],[75.782,17.379],[75.818,17.381],[75.822,17.42],[75.856,17.408],[75.894,17.406],[75.896,17.37],[75.916,17.339],[75.96,17.334],[76,17.338],[76.037,17.349],[76.073,17.332],[76.102,17.362],[76.138,17.353],[76.164,17.319],[76.176,17.352],[76.229,17.363],[76.265,17.358],[76.296,17.329],[76.335,17.35],[76.352,17.311],[76.393,17.336],[76.408,17.369],[76.362,17.375],[76.37,17.423],[76.334,17.432],[76.331,17.469],[76.372,17.486],[76.344,17.508],[76.337,17.555],[76.332,17.595],[76.373,17.598],[76.416,17.604],[76.427,17.64],[76.489,17.661],[76.486,17.714],[76.524,17.715],[76.524,17.759],[76.56,17.763],[76.569,17.704],[76.599,17.728],[76.61,17.766],[76.631,17.729],[76.66,17.699],[76.688,17.679],[76.703,17.719],[76.719,17.761],[76.748,17.784],[76.78,17.806],[76.766,17.851],[76.74,17.884],[76.775,17.877],[76.811,17.884],[76.847,17.896],[76.883,17.897],[76.916,17.915],[76.917,17.96],[76.918,17.996],[76.918,18.033],[76.955,18.04],[76.95,18.082],[76.923,18.116],[76.933,18.158],[76.959,18.186],[76.995,18.178],[77.032,18.183],[77.058,18.156],[77.093,18.157],[77.096,18.195],[77.131,18.206],[77.148,18.238],[77.167,18.273],[77.206,18.278],[77.195,18.313],[77.223,18.338],[77.245,18.371],[77.24,18.409],[77.295,18.433],[77.326,18.455],[77.337,18.435]]]]}},{"type":"Feature","id":18,"properties":{"id":18,"name":"Kerala","type":"State"},"geometry":{"type":"MultiPolygon","coordinates":[[[[76.467,9.541],[76.467,9.541]]],[[[76.404,9.542],[76.404,9.542]]],[[[76.435,9.552],[76.406,9.528],[76.433,9.551],[76.435,9.552]]],[[[76.437,9.552],[76.464,9.53],[76.436,9.552],[76.437,9.552]]],[[[76.414,9.563],[76.39,9.537],[76.414,9.563]]],[[[76.385,9.621],[76.385,9.621]]],[[[76.381,9.715],[76.381,9.715]]],[[[76.372,9.758],[76.372,9.758]]],[[[76.324,9.826],[76.324,9.826]]],[[[76.372,9.826],[76.372,9.826]]],[[[76.368,9.827],[76.368,9.827]]],[[[76.378,9.84],[76.378,9.84]]],[[[76.378,9.842],[76.378,9.842]]],[[[76.289,9.847],[76.289,9.847]]],[[[76.35,9.875],[76.368,9.844],[76.348,9.873],[76.35,9.875]]],[[[76.308,9.922],[76.318,9.887],[76.305,9.92],[76.308,9.922]]],[[[76.261,9.971],[76.285,9.946],[76.258,9.968],[76.261,9.971]]],[[[76.272,9.973],[76.272,9.973]]],[[[76.244,9.981],[76.244,9.981]]],[[[76.268,10.003],[76.268,10.003]]],[[[76.242,10.014],[76.259,9.983],[76.24,10.013],[76.242,10.014]]],[[[76.253,10.017],[76.253,10.017]]],[[[76.262,10.03],[76.262,10.03]]],[[[76.266,10.031],[76.266,10.031]]],[[[76.24,10.102],[76.24,10.102]]],[[[76.052,10.535],[76.052,10.535]]],[[[76.051,10.539],[76.051,10.539]]],[[[75.838,11.134],[75.838,11.134]]],[[[75.811,11.162],[75.811,11.162]]],[[[75.366,11.942],[75.366,11.942]]],[[[75.368,11.943],[75.368,11.943]]],[[[75.301,11.963],[75.301,11.963]]],[[[75.297,11.968],[75.297,11.968]]],[[[75.285,11.987],[75.285,11.987]]],[[[75.298,12.017],[75.298,12.017]]],[[[75.298,12.024],[75.298,12.024]]],[[[75.158,12.109],[75.173,12.078],[75.157,12.109],[75.158,12.109]]],[[[75.163,12.115],[75.163,12.115]]],[[[75.194,12.116],[75.194,12.116]]],[[[75.154,12.143],[75.154,12.143]]],[[[75.135,12.186],[75.152,12.154],[75.135,12.185],[75.135,12.186]]],[[[75.132,12.192],[75.132,12.192]]],[[[75.13,12.198],[75.13,12.198]]],[[[75.127,12.205],[75.136,12.171],[75.147,12.137],[75.133,12.17],[75.125,12.204],[75.127,12.205]]],[[[74.996,12.788],[75,12.752],[75.003,12.714],[75.038,12.719],[75.057,12.687],[75.092,12.695],[75.121,12.674],[75.156,12.666],[75.143,12.633],[75.177,12.622],[75.207,12.6],[75.223,12.563],[75.256,12.586],[75.289,12.605],[75.319,12.585],[75.287,12.565],[75.28,12.523],[75.304,12.498],[75.339,12.483],[75.372,12.469],[75.395,12.498],[75.421,12.472],[75.392,12.445],[75.366,12.407],[75.394,12.38],[75.419,12.353],[75.42,12.314],[75.458,12.289],[75.493,12.267],[75.519,12.236],[75.537,12.204],[75.56,12.169],[75.591,12.143],[75.627,12.145],[75.647,12.115],[75.678,12.093],[75.717,12.078],[75.758,12.077],[75.795,12.074],[75.798,12.033],[75.827,12.006],[75.84,11.973],[75.866,11.946],[75.904,11.935],[75.948,11.934],[75.983,11.925],[76.018,11.935],[76.067,11.958],[76.108,11.971],[76.109,11.928],[76.107,11.876],[76.126,11.845],[76.163,11.86],[76.201,11.854],[76.212,11.814],[76.244,11.795],[76.284,11.785],[76.311,11.744],[76.346,11.731],[76.384,11.745],[76.417,11.726],[76.402,11.683],[76.428,11.648],[76.396,11.625],[76.371,11.601],[76.34,11.581],[76.305,11.57],[76.276,11.59],[76.226,11.564],[76.242,11.529],[76.241,11.475],[76.278,11.475],[76.306,11.453],[76.353,11.451],[76.391,11.428],[76.418,11.405],[76.448,11.381],[76.51,11.361],[76.541,11.327],[76.534,11.288],[76.488,11.252],[76.446,11.23],[76.438,11.195],[76.475,11.201],[76.51,11.195],[76.548,11.193],[76.593,11.197],[76.63,11.191],[76.668,11.211],[76.697,11.231],[76.726,11.209],[76.701,11.175],[76.697,11.133],[76.735,11.125],[76.739,11.084],[76.737,11.048],[76.775,11.034],[76.732,11.029],[76.69,11.018],[76.678,10.98],[76.655,10.942],[76.675,10.906],[76.711,10.896],[76.749,10.885],[76.785,10.871],[76.821,10.859],[76.845,10.827],[76.882,10.801],[76.897,10.766],[76.88,10.726],[76.865,10.693],[76.869,10.656],[76.852,10.624],[76.815,10.626],[76.815,10.588],[76.83,10.553],[76.825,10.503],[76.817,10.438],[76.815,10.402],[76.838,10.363],[76.826,10.32],[76.832,10.284],[76.871,10.264],[76.894,10.237],[76.928,10.23],[76.962,10.216],[76.996,10.229],[77.03,10.243],[77.046,10.274],[77.082,10.3],[77.119,10.316],[77.163,10.346],[77.199,10.342],[77.214,10.306],[77.247,10.258],[77.247,10.221],[77.28,10.207],[77.259,10.155],[77.26,10.119],[77.221,10.115],[77.188,10.096],[77.213,10.058],[77.242,10.026],[77.248,9.991],[77.259,9.953],[77.222,9.923],[77.207,9.878],[77.224,9.843],[77.227,9.806],[77.211,9.766],[77.208,9.722],[77.192,9.686],[77.173,9.656],[77.162,9.62],[77.196,9.604],[77.223,9.573],[77.258,9.568],[77.304,9.593],[77.325,9.563],[77.341,9.595],[77.336,9.557],[77.355,9.524],[77.386,9.507],[77.384,9.47],[77.36,9.444],[77.332,9.421],[77.325,9.384],[77.31,9.335],[77.287,9.308],[77.274,9.263],[77.259,9.224],[77.25,9.19],[77.252,9.143],[77.23,9.115],[77.202,9.091],[77.189,9.056],[77.154,9.037],[77.135,9.005],[77.158,8.978],[77.18,8.947],[77.185,8.91],[77.221,8.888],[77.243,8.859],[77.236,8.818],[77.215,8.787],[77.191,8.758],[77.163,8.735],[77.179,8.7],[77.187,8.662],[77.208,8.631],[77.228,8.598],[77.252,8.571],[77.265,8.537],[77.248,8.501],[77.206,8.504],[77.195,8.469],[77.189,8.435],[77.172,8.402],[77.141,8.383],[77.136,8.346],[77.16,8.317],[77.122,8.323],[77.096,8.298],[77.067,8.317],[77.039,8.339],[77.009,8.357],[76.983,8.38],[76.966,8.411],[76.946,8.439],[76.923,8.466],[76.9,8.492],[76.878,8.519],[76.856,8.547],[76.833,8.574],[76.811,8.601],[76.789,8.629],[76.768,8.657],[76.745,8.683],[76.723,8.711],[76.7,8.737],[76.683,8.768],[76.661,8.795],[76.642,8.824],[76.619,8.851],[76.592,8.874],[76.56,8.888],[76.541,8.919],[76.533,8.954],[76.523,8.989],[76.515,9.023],[76.5,9.056],[76.486,9.088],[76.47,9.12],[76.48,9.154],[76.454,9.177],[76.441,9.21],[76.426,9.242],[76.436,9.208],[76.452,9.177],[76.467,9.145],[76.445,9.173],[76.432,9.206],[76.417,9.238],[76.402,9.27],[76.387,9.302],[76.373,9.333],[76.358,9.365],[76.344,9.398],[76.334,9.432],[76.325,9.467],[76.316,9.502],[76.309,9.537],[76.303,9.572],[76.298,9.606],[76.295,9.642],[76.291,9.68],[76.287,9.715],[76.287,9.75],[76.278,9.785],[76.272,9.82],[76.265,9.855],[76.258,9.89],[76.249,9.925],[76.237,9.958],[76.265,9.936],[76.295,9.918],[76.267,9.897],[76.292,9.872],[76.283,9.838],[76.296,9.871],[76.317,9.843],[76.322,9.808],[76.333,9.774],[76.341,9.737],[76.336,9.772],[76.331,9.806],[76.32,9.84],[76.353,9.825],[76.361,9.791],[76.368,9.756],[76.366,9.721],[76.371,9.686],[76.383,9.653],[76.373,9.619],[76.368,9.583],[76.356,9.548],[76.377,9.52],[76.414,9.527],[76.453,9.528],[76.489,9.529],[76.467,9.558],[76.431,9.555],[76.423,9.589],[76.424,9.625],[76.403,9.655],[76.414,9.688],[76.383,9.703],[76.39,9.739],[76.375,9.771],[76.382,9.805],[76.386,9.841],[76.372,9.875],[76.357,9.907],[76.332,9.882],[76.314,9.913],[76.312,9.948],[76.281,9.966],[76.276,10.002],[76.262,10.034],[76.265,9.999],[76.25,10.03],[76.243,10.065],[76.247,10.1],[76.222,10.124],[76.217,10.089],[76.229,10.056],[76.237,10.022],[76.241,9.987],[76.216,10.011],[76.206,10.045],[76.195,10.08],[76.186,10.116],[76.176,10.15],[76.179,10.185],[76.153,10.209],[76.142,10.242],[76.133,10.277],[76.123,10.312],[76.112,10.346],[76.099,10.381],[76.085,10.413],[76.071,10.445],[76.055,10.477],[76.042,10.511],[76.065,10.538],[76.041,10.564],[76.032,10.53],[76.014,10.56],[75.998,10.592],[75.985,10.625],[75.971,10.657],[75.955,10.688],[75.941,10.721],[75.927,10.753],[75.913,10.785],[75.904,10.82],[75.896,10.856],[75.889,10.891],[75.881,10.926],[75.873,10.96],[75.864,10.995],[75.854,11.029],[75.846,11.064],[75.836,11.098],[75.84,11.134],[75.809,11.152],[75.829,11.181],[75.794,11.186],[75.782,11.219],[75.77,11.253],[75.759,11.286],[75.747,11.319],[75.736,11.352],[75.72,11.384],[75.703,11.415],[75.685,11.445],[75.656,11.465],[75.62,11.475],[75.61,11.509],[75.598,11.542],[75.59,11.576],[75.574,11.608],[75.561,11.641],[75.547,11.673],[75.53,11.704],[75.508,11.732],[75.482,11.755],[75.487,11.79],[75.461,11.766],[75.463,11.801],[75.428,11.809],[75.406,11.836],[75.379,11.859],[75.348,11.875],[75.326,11.902],[75.307,11.932],[75.344,11.932],[75.378,11.927],[75.344,11.936],[75.316,11.956],[75.292,11.982],[75.266,12.007],[75.302,12.007],[75.312,12.041],[75.309,12.078],[75.34,12.098],[75.369,12.121],[75.402,12.134],[75.367,12.135],[75.331,12.145],[75.293,12.116],[75.256,12.109],[75.221,12.101],[75.223,12.064],[75.231,12.025],[75.202,12.005],[75.187,12.037],[75.179,12.072],[75.214,12.067],[75.188,12.091],[75.19,12.126],[75.159,12.143],[75.144,12.175],[75.131,12.207],[75.108,12.234],[75.095,12.266],[75.081,12.299],[75.067,12.331],[75.052,12.363],[75.032,12.391],[75.013,12.422],[74.997,12.453],[74.982,12.485],[74.968,12.517],[74.957,12.55],[74.942,12.582],[74.927,12.614],[74.914,12.647],[74.9,12.679],[74.884,12.71],[74.871,12.743],[74.905,12.76],[74.954,12.779],[74.993,12.784],[74.996,12.788]]]]}},{"type":"Feature","id":19,"properties":{"id":19,"name":"Lakshadweep","type":"Union Territor"},"geometry":{"type":"MultiPolygon","coordinates":[[[[73.01,8.28],[73.01,8.28]]],[[[73.081,8.328],[73.067,8.293],[73.043,8.266],[73.064,8.295],[73.08,8.327],[73.081,8.328]]],[[[72.29,10.05],[72.29,10.05]]],[[[73.633,10.07],[73.633,10.07]]],[[[73.629,10.075],[73.629,10.075]]],[[[73.652,10.104],[73.648,10.069],[73.651,10.104],[73.652,10.104]]],[[[72.328,10.137],[72.328,10.137]]],[[[73.661,10.156],[73.661,10.156]]],[[[72.642,10.577],[72.624,10.547],[72.642,10.577]]],[[[72.169,10.815],[72.169,10.815]]],[[[72.173,10.82],[72.173,10.82]]],[[[73.678,10.822],[73.678,10.822]]],[[[72.173,10.82],[72.189,10.852],[72.174,10.82],[72.173,10.82]]],[[[72.291,10.946],[72.291,10.946]]],[[[72.327,10.953],[72.327,10.953]]],[[[72.334,10.958],[72.334,10.958]]],[[[72.732,11.136],[72.732,11.136]]],[[[72.106,11.213],[72.106,11.213]]],[[[72.103,11.215],[72.103,11.215]]],[[[72.79,11.26],[72.78,11.226],[72.766,11.193],[72.775,11.228],[72.79,11.26],[72.79,11.26]]],[[[73.001,11.488],[73.001,11.488]]],[[[73,11.498],[73,11.498]]],[[[72.186,11.601],[72.186,11.601]]],[[[72.714,11.706],[72.714,11.706]]]]}},{"type":"Feature","id":20,"properties":{"id":20,"name":"Madhya Pradesh","type":"State"},"geometry":{"type":"Polygon","coordinates":[[[78.365,26.869],[78.381,26.836],[78.426,26.832],[78.451,26.798],[78.492,26.788],[78.526,26.779],[78.56,26.762],[78.602,26.756],[78.65,26.77],[78.677,26.792],[78.715,26.8],[78.749,26.784],[78.799,26.769],[78.841,26.726],[78.871,26.704],[78.908,26.713],[78.948,26.697],[78.938,26.663],[78.97,26.681],[78.987,26.647],[79.005,26.614],[78.981,26.586],[79.004,26.559],[79.033,26.536],[79.05,26.503],[79.047,26.461],[79.081,26.444],[79.121,26.448],[79.101,26.412],[79.089,26.377],[79.117,26.354],[79.127,26.316],[79.091,26.308],[79.084,26.272],[79.047,26.271],[79.057,26.233],[79.02,26.234],[79.015,26.198],[78.977,26.195],[79.002,26.165],[78.965,26.156],[78.97,26.12],[79,26.097],[78.979,26.065],[78.949,26.039],[78.946,26.002],[78.925,25.965],[78.901,25.938],[78.883,25.906],[78.883,25.87],[78.847,25.861],[78.866,25.83],[78.856,25.794],[78.835,25.824],[78.799,25.818],[78.78,25.775],[78.751,25.753],[78.778,25.714],[78.809,25.678],[78.81,25.638],[78.766,25.613],[78.724,25.608],[78.688,25.595],[78.649,25.566],[78.618,25.587],[78.584,25.566],[78.547,25.565],[78.511,25.573],[78.469,25.573],[78.434,25.565],[78.41,25.538],[78.412,25.498],[78.392,25.469],[78.361,25.447],[78.334,25.418],[78.311,25.385],[78.327,25.349],[78.311,25.316],[78.341,25.299],[78.362,25.265],[78.375,25.226],[78.389,25.193],[78.428,25.17],[78.443,25.129],[78.402,25.131],[78.374,25.109],[78.333,25.093],[78.331,25.045],[78.33,25.004],[78.29,24.968],[78.26,24.949],[78.229,24.924],[78.2,24.896],[78.165,24.882],[78.17,24.846],[78.209,24.813],[78.226,24.777],[78.226,24.736],[78.251,24.706],[78.268,24.67],[78.263,24.628],[78.264,24.579],[78.237,24.546],[78.24,24.51],[78.263,24.483],[78.267,24.447],[78.3,24.427],[78.332,24.406],[78.363,24.382],[78.341,24.352],[78.339,24.317],[78.364,24.292],[78.403,24.275],[78.435,24.298],[78.451,24.33],[78.473,24.362],[78.498,24.393],[78.553,24.361],[78.585,24.343],[78.615,24.313],[78.639,24.286],[78.663,24.253],[78.699,24.234],[78.732,24.254],[78.768,24.218],[78.785,24.185],[78.814,24.21],[78.858,24.214],[78.88,24.244],[78.91,24.273],[78.924,24.314],[78.951,24.34],[78.967,24.374],[78.981,24.418],[78.956,24.445],[78.913,24.464],[78.914,24.501],[78.949,24.486],[78.945,24.524],[78.93,24.564],[78.906,24.602],[78.882,24.64],[78.849,24.622],[78.814,24.606],[78.777,24.593],[78.749,24.625],[78.74,24.66],[78.76,24.694],[78.767,24.743],[78.765,24.795],[78.773,24.83],[78.753,24.865],[78.719,24.883],[78.68,24.897],[78.657,24.925],[78.625,24.962],[78.635,25.004],[78.642,25.061],[78.62,25.092],[78.598,25.127],[78.57,25.202],[78.563,25.239],[78.542,25.272],[78.505,25.282],[78.454,25.271],[78.43,25.297],[78.467,25.293],[78.492,25.324],[78.525,25.307],[78.531,25.349],[78.576,25.352],[78.557,25.384],[78.592,25.397],[78.629,25.406],[78.639,25.44],[78.675,25.438],[78.665,25.404],[78.696,25.386],[78.714,25.353],[78.75,25.352],[78.753,25.39],[78.776,25.421],[78.811,25.427],[78.776,25.437],[78.744,25.452],[78.726,25.49],[78.761,25.476],[78.81,25.475],[78.842,25.457],[78.831,25.498],[78.876,25.524],[78.881,25.56],[78.913,25.546],[78.926,25.508],[78.93,25.469],[78.929,25.428],[78.969,25.425],[78.976,25.389],[78.939,25.353],[78.897,25.365],[78.931,25.377],[78.891,25.389],[78.845,25.361],[78.827,25.32],[78.792,25.315],[78.806,25.279],[78.835,25.233],[78.858,25.266],[78.868,25.301],[78.877,25.339],[78.915,25.346],[78.95,25.348],[78.953,25.312],[78.944,25.275],[78.909,25.274],[78.885,25.247],[78.882,25.211],[78.869,25.178],[78.908,25.194],[78.942,25.218],[78.978,25.204],[78.972,25.243],[78.987,25.275],[79.012,25.249],[79.045,25.231],[79.025,25.187],[79.022,25.147],[79.058,25.151],[79.084,25.193],[79.119,25.163],[79.115,25.118],[79.157,25.112],[79.168,25.145],[79.207,25.124],[79.244,25.141],[79.274,25.122],[79.306,25.14],[79.302,25.175],[79.278,25.204],[79.274,25.245],[79.309,25.223],[79.343,25.21],[79.341,25.256],[79.304,25.265],[79.269,25.266],[79.26,25.31],[79.291,25.329],[79.33,25.334],[79.331,25.294],[79.353,25.265],[79.384,25.284],[79.415,25.259],[79.452,25.274],[79.49,25.27],[79.455,25.265],[79.433,25.236],[79.417,25.204],[79.392,25.18],[79.384,25.14],[79.409,25.116],[79.445,25.113],[79.472,25.087],[79.505,25.101],[79.527,25.136],[79.55,25.169],[79.586,25.153],[79.62,25.143],[79.654,25.13],[79.707,25.133],[79.746,25.144],[79.788,25.12],[79.823,25.106],[79.848,25.133],[79.863,25.177],[79.856,25.214],[79.872,25.254],[79.911,25.245],[79.941,25.27],[79.977,25.265],[79.999,25.294],[80.013,25.33],[80.055,25.341],[80.093,25.354],[80.127,25.341],[80.159,25.366],[80.189,25.389],[80.227,25.411],[80.261,25.426],[80.295,25.408],[80.313,25.372],[80.312,25.334],[80.303,25.297],[80.338,25.279],[80.363,25.247],[80.399,25.243],[80.41,25.206],[80.423,25.172],[80.387,25.163],[80.351,25.145],[80.323,25.107],[80.305,25.076],[80.278,25.044],[80.299,25.016],[80.338,25.021],[80.373,25.008],[80.379,25.044],[80.41,25.077],[80.445,25.08],[80.47,25.045],[80.502,25.063],[80.478,25.096],[80.513,25.098],[80.539,25.07],[80.573,25.086],[80.607,25.072],[80.588,25.109],[80.595,25.155],[80.625,25.138],[80.607,25.107],[80.641,25.093],[80.679,25.082],[80.714,25.068],[80.751,25.064],[80.746,25.099],[80.722,25.126],[80.76,25.141],[80.798,25.146],[80.822,25.12],[80.837,25.16],[80.86,25.191],[80.896,25.171],[80.873,25.134],[80.871,25.098],[80.856,25.062],[80.827,25.039],[80.85,25.003],[80.821,24.983],[80.802,24.944],[80.841,24.936],[80.877,24.945],[80.912,24.962],[80.947,24.961],[80.955,24.926],[80.991,24.937],[81.023,24.952],[81.076,24.952],[81.097,24.923],[81.123,24.899],[81.152,24.92],[81.16,24.955],[81.199,24.935],[81.201,24.97],[81.217,25.004],[81.239,25.031],[81.262,25.068],[81.246,25.103],[81.26,25.141],[81.291,25.167],[81.307,25.135],[81.32,25.168],[81.355,25.158],[81.384,25.135],[81.42,25.136],[81.425,25.099],[81.458,25.087],[81.495,25.082],[81.482,25.117],[81.495,25.152],[81.53,25.163],[81.558,25.189],[81.597,25.166],[81.594,25.13],[81.632,25.103],[81.596,25.082],[81.622,25.057],[81.653,25.075],[81.683,25.057],[81.732,25.049],[81.771,25.023],[81.829,25.019],[81.864,25.004],[81.898,25.01],[81.901,24.973],[81.91,24.937],[81.899,24.899],[81.928,24.873],[81.948,24.843],[81.992,24.847],[82.037,24.833],[82.082,24.822],[82.108,24.794],[82.147,24.797],[82.182,24.817],[82.205,24.786],[82.191,24.753],[82.228,24.766],[82.241,24.727],[82.229,24.691],[82.267,24.678],[82.298,24.657],[82.293,24.617],[82.33,24.624],[82.361,24.602],[82.401,24.599],[82.404,24.636],[82.407,24.674],[82.432,24.706],[82.464,24.68],[82.501,24.678],[82.529,24.652],[82.574,24.663],[82.63,24.687],[82.666,24.7],[82.696,24.676],[82.715,24.642],[82.763,24.646],[82.768,24.611],[82.796,24.588],[82.801,24.553],[82.746,24.542],[82.713,24.556],[82.716,24.513],[82.724,24.476],[82.727,24.434],[82.708,24.389],[82.747,24.373],[82.763,24.33],[82.764,24.292],[82.749,24.257],[82.727,24.223],[82.735,24.183],[82.721,24.15],[82.679,24.157],[82.664,24.124],[82.701,24.097],[82.738,24.079],[82.756,24.044],[82.752,24.008],[82.79,24.007],[82.799,23.971],[82.775,23.939],[82.743,23.921],[82.707,23.925],[82.671,23.91],[82.66,23.875],[82.635,23.848],[82.601,23.834],[82.566,23.825],[82.527,23.824],[82.54,23.791],[82.497,23.785],[82.47,23.808],[82.423,23.806],[82.388,23.801],[82.347,23.804],[82.311,23.811],[82.271,23.819],[82.232,23.808],[82.201,23.828],[82.165,23.821],[82.126,23.82],[82.089,23.818],[82.045,23.821],[82.012,23.852],[81.972,23.858],[81.934,23.862],[81.898,23.848],[81.862,23.835],[81.829,23.817],[81.793,23.814],[81.745,23.831],[81.723,23.859],[81.697,23.886],[81.668,23.916],[81.629,23.908],[81.597,23.889],[81.598,23.854],[81.628,23.834],[81.644,23.799],[81.654,23.764],[81.677,23.735],[81.673,23.693],[81.648,23.668],[81.613,23.661],[81.607,23.624],[81.58,23.597],[81.576,23.559],[81.605,23.525],[81.624,23.491],[81.654,23.514],[81.687,23.524],[81.717,23.548],[81.748,23.565],[81.798,23.549],[81.817,23.515],[81.855,23.516],[81.896,23.532],[81.928,23.513],[81.947,23.475],[81.971,23.447],[81.979,23.412],[82.016,23.424],[82.015,23.388],[82.049,23.379],[82.08,23.397],[82.105,23.369],[82.143,23.354],[82.179,23.327],[82.187,23.29],[82.167,23.261],[82.147,23.232],[82.14,23.19],[82.154,23.158],[82.131,23.129],[82.102,23.109],[82.067,23.117],[82.04,23.092],[82.002,23.078],[81.965,23.08],[81.926,23.062],[81.927,23.026],[81.938,22.992],[81.933,22.955],[81.901,22.933],[81.871,22.912],[81.836,22.886],[81.796,22.88],[81.769,22.851],[81.773,22.809],[81.781,22.775],[81.763,22.742],[81.756,22.698],[81.749,22.646],[81.723,22.676],[81.699,22.646],[81.663,22.633],[81.642,22.592],[81.619,22.559],[81.583,22.545],[81.547,22.531],[81.512,22.524],[81.48,22.493],[81.438,22.494],[81.418,22.465],[81.389,22.445],[81.381,22.485],[81.362,22.515],[81.323,22.524],[81.316,22.49],[81.28,22.499],[81.256,22.472],[81.224,22.452],[81.193,22.474],[81.158,22.474],[81.123,22.448],[81.105,22.411],[81.107,22.362],[81.11,22.321],[81.097,22.277],[81.073,22.242],[81.036,22.238],[81.023,22.203],[81.019,22.165],[81.005,22.133],[80.972,22.121],[81,22.101],[80.999,22.062],[80.963,22.058],[80.958,22.097],[80.925,22.121],[80.895,22.077],[80.87,22.039],[80.859,22],[80.847,21.967],[80.837,21.932],[80.824,21.898],[80.837,21.862],[80.837,21.827],[80.824,21.791],[80.81,21.758],[80.777,21.741],[80.745,21.758],[80.726,21.726],[80.722,21.691],[80.71,21.656],[80.722,21.623],[80.709,21.59],[80.715,21.555],[80.725,21.518],[80.727,21.481],[80.718,21.445],[80.699,21.414],[80.688,21.38],[80.668,21.349],[80.638,21.325],[80.602,21.324],[80.572,21.346],[80.544,21.367],[80.517,21.391],[80.481,21.397],[80.446,21.393],[80.414,21.375],[80.39,21.401],[80.406,21.432],[80.397,21.467],[80.375,21.495],[80.362,21.528],[80.33,21.544],[80.313,21.577],[80.283,21.595],[80.257,21.62],[80.221,21.62],[80.188,21.634],[80.157,21.614],[80.121,21.609],[80.094,21.586],[80.07,21.56],[80.034,21.557],[80.002,21.539],[79.966,21.557],[79.931,21.556],[79.901,21.524],[79.857,21.531],[79.825,21.547],[79.792,21.581],[79.745,21.598],[79.706,21.591],[79.663,21.58],[79.634,21.555],[79.599,21.551],[79.56,21.548],[79.532,21.573],[79.507,21.602],[79.5,21.641],[79.489,21.674],[79.451,21.684],[79.416,21.691],[79.383,21.675],[79.348,21.684],[79.285,21.694],[79.258,21.718],[79.222,21.701],[79.227,21.658],[79.186,21.654],[79.148,21.661],[79.128,21.628],[79.098,21.603],[79.051,21.604],[79.01,21.602],[78.975,21.618],[78.946,21.596],[78.912,21.585],[78.922,21.543],[78.937,21.51],[78.903,21.498],[78.852,21.496],[78.813,21.489],[78.777,21.479],[78.74,21.484],[78.704,21.471],[78.664,21.481],[78.625,21.478],[78.585,21.487],[78.56,21.515],[78.525,21.526],[78.486,21.512],[78.452,21.497],[78.428,21.527],[78.422,21.564],[78.423,21.602],[78.384,21.617],[78.366,21.582],[78.328,21.581],[78.282,21.587],[78.247,21.564],[78.181,21.559],[78.168,21.526],[78.143,21.482],[78.109,21.464],[78.079,21.446],[78.043,21.435],[78.007,21.418],[77.976,21.402],[77.941,21.399],[77.906,21.38],[77.863,21.388],[77.818,21.409],[77.786,21.389],[77.75,21.386],[77.705,21.359],[77.694,21.395],[77.667,21.371],[77.636,21.39],[77.601,21.393],[77.571,21.373],[77.529,21.379],[77.487,21.378],[77.482,21.416],[77.47,21.449],[77.439,21.473],[77.421,21.516],[77.442,21.545],[77.484,21.553],[77.529,21.541],[77.567,21.53],[77.607,21.543],[77.574,21.558],[77.57,21.611],[77.56,21.645],[77.547,21.682],[77.526,21.715],[77.5,21.745],[77.475,21.771],[77.439,21.763],[77.401,21.756],[77.353,21.759],[77.309,21.76],[77.286,21.729],[77.24,21.717],[77.21,21.697],[77.184,21.725],[77.148,21.715],[77.104,21.723],[77.069,21.722],[77.034,21.701],[77.002,21.682],[76.912,21.615],[76.861,21.612],[76.823,21.593],[76.784,21.578],[76.788,21.54],[76.786,21.499],[76.776,21.46],[76.743,21.443],[76.732,21.409],[76.668,21.369],[76.629,21.34],[76.649,21.3],[76.659,21.262],[76.632,21.229],[76.623,21.193],[76.587,21.199],[76.541,21.196],[76.498,21.196],[76.477,21.161],[76.456,21.132],[76.412,21.107],[76.383,21.08],[76.335,21.077],[76.297,21.077],[76.262,21.095],[76.209,21.09],[76.173,21.085],[76.151,21.115],[76.132,21.153],[76.161,21.172],[76.168,21.208],[76.144,21.238],[76.15,21.274],[76.127,21.307],[76.107,21.36],[76.066,21.359],[76.027,21.368],[75.992,21.376],[75.959,21.396],[75.917,21.39],[75.882,21.398],[75.847,21.388],[75.805,21.389],[75.76,21.386],[75.723,21.389],[75.688,21.384],[75.646,21.382],[75.609,21.395],[75.572,21.378],[75.529,21.385],[75.485,21.391],[75.446,21.39],[75.409,21.39],[75.367,21.399],[75.327,21.394],[75.292,21.414],[75.254,21.406],[75.211,21.414],[75.157,21.438],[75.123,21.453],[75.1,21.485],[75.084,21.526],[75.064,21.555],[75.018,21.573],[74.989,21.593],[74.954,21.602],[74.92,21.613],[74.89,21.632],[74.855,21.627],[74.823,21.61],[74.788,21.611],[74.753,21.618],[74.718,21.625],[74.686,21.64],[74.653,21.655],[74.618,21.661],[74.587,21.678],[74.561,21.702],[74.529,21.718],[74.514,21.749],[74.503,21.798],[74.517,21.856],[74.521,21.896],[74.516,21.934],[74.486,21.958],[74.452,21.968],[74.436,21.999],[74.407,22.024],[74.378,22.002],[74.352,21.978],[74.317,21.973],[74.295,21.945],[74.262,21.933],[74.226,21.93],[74.191,21.928],[74.163,21.95],[74.154,21.986],[74.117,21.999],[74.125,22.036],[74.154,22.058],[74.181,22.087],[74.15,22.104],[74.127,22.132],[74.125,22.172],[74.122,22.209],[74.087,22.221],[74.08,22.258],[74.06,22.291],[74.068,22.326],[74.077,22.362],[74.112,22.372],[74.132,22.338],[74.176,22.325],[74.205,22.348],[74.225,22.378],[74.257,22.395],[74.294,22.394],[74.266,22.418],[74.237,22.439],[74.205,22.455],[74.172,22.438],[74.137,22.448],[74.105,22.433],[74.1,22.469],[74.086,22.505],[74.05,22.5],[74.042,22.537],[74.078,22.552],[74.114,22.541],[74.143,22.519],[74.173,22.545],[74.199,22.57],[74.23,22.597],[74.254,22.623],[74.29,22.643],[74.325,22.639],[74.364,22.637],[74.385,22.67],[74.401,22.707],[74.414,22.745],[74.435,22.779],[74.452,22.811],[74.479,22.859],[74.466,22.894],[74.444,22.923],[74.408,22.904],[74.375,22.923],[74.348,22.953],[74.371,22.98],[74.351,23.016],[74.328,23.043],[74.355,23.076],[74.388,23.11],[74.426,23.106],[74.458,23.087],[74.512,23.089],[74.543,23.107],[74.566,23.135],[74.608,23.145],[74.642,23.173],[74.669,23.201],[74.716,23.195],[74.746,23.215],[74.703,23.22],[74.715,23.253],[74.68,23.275],[74.646,23.26],[74.615,23.285],[74.577,23.297],[74.541,23.305],[74.544,23.359],[74.572,23.383],[74.573,23.419],[74.613,23.452],[74.652,23.463],[74.681,23.485],[74.711,23.506],[74.757,23.522],[74.785,23.548],[74.83,23.55],[74.859,23.57],[74.885,23.603],[74.922,23.622],[74.924,23.669],[74.923,23.714],[74.932,23.756],[74.93,23.794],[74.913,23.837],[74.906,23.874],[74.915,23.912],[74.931,23.945],[74.963,23.974],[74.98,24.01],[74.979,24.072],[74.961,24.106],[74.937,24.139],[74.9,24.174],[74.881,24.214],[74.907,24.241],[74.885,24.269],[74.844,24.27],[74.79,24.272],[74.755,24.279],[74.784,24.317],[74.783,24.355],[74.802,24.387],[74.827,24.417],[74.854,24.45],[74.818,24.462],[74.796,24.493],[74.761,24.489],[74.731,24.51],[74.75,24.543],[74.754,24.578],[74.777,24.605],[74.791,24.645],[74.817,24.672],[74.776,24.686],[74.788,24.722],[74.803,24.755],[74.798,24.791],[74.829,24.746],[74.849,24.709],[74.87,24.679],[74.902,24.656],[74.939,24.662],[74.965,24.695],[75,24.708],[74.992,24.744],[75.021,24.767],[74.998,24.798],[74.962,24.791],[74.922,24.788],[74.885,24.802],[74.849,24.793],[74.859,24.829],[74.846,24.872],[74.824,24.915],[74.826,24.952],[74.853,24.975],[74.867,24.937],[74.903,24.937],[74.913,24.899],[74.949,24.895],[74.984,24.878],[75.019,24.867],[75.057,24.871],[75.115,24.887],[75.118,24.946],[75.135,24.978],[75.167,25.006],[75.159,25.045],[75.194,25.038],[75.238,25.042],[75.278,25.045],[75.323,25.044],[75.319,25.007],[75.334,24.967],[75.318,24.907],[75.304,24.94],[75.285,24.977],[75.276,24.94],[75.261,24.905],[75.288,24.88],[75.326,24.887],[75.372,24.878],[75.408,24.892],[75.4,24.855],[75.364,24.843],[75.33,24.832],[75.294,24.83],[75.26,24.858],[75.25,24.896],[75.213,24.91],[75.21,24.871],[75.241,24.847],[75.217,24.82],[75.195,24.79],[75.202,24.746],[75.242,24.73],[75.286,24.726],[75.351,24.717],[75.396,24.705],[75.438,24.696],[75.483,24.698],[75.527,24.718],[75.569,24.72],[75.603,24.701],[75.659,24.702],[75.712,24.745],[75.76,24.765],[75.805,24.756],[75.839,24.73],[75.834,24.686],[75.849,24.653],[75.83,24.62],[75.866,24.607],[75.894,24.582],[75.917,24.547],[75.891,24.51],[75.908,24.478],[75.899,24.442],[75.861,24.423],[75.824,24.431],[75.815,24.465],[75.781,24.454],[75.752,24.432],[75.73,24.404],[75.738,24.366],[75.756,24.327],[75.79,24.311],[75.813,24.277],[75.826,24.243],[75.792,24.223],[75.769,24.193],[75.751,24.162],[75.779,24.135],[75.808,24.113],[75.831,24.082],[75.789,24.063],[75.778,24.028],[75.755,23.995],[75.725,23.975],[75.693,23.989],[75.673,24.031],[75.639,24.005],[75.604,23.996],[75.568,24.001],[75.543,24.026],[75.514,24.049],[75.492,24.005],[75.465,23.981],[75.457,23.938],[75.487,23.911],[75.517,23.889],[75.553,23.865],[75.575,23.838],[75.583,23.804],[75.624,23.801],[75.659,23.789],[75.684,23.761],[75.695,23.798],[75.721,23.824],[75.729,23.858],[75.698,23.877],[75.728,23.902],[75.759,23.881],[75.794,23.874],[75.83,23.885],[75.867,23.894],[75.905,23.896],[75.938,23.912],[75.974,23.932],[75.98,23.969],[75.961,24.004],[75.99,24.03],[76.027,24.05],[76.057,24.078],[76.099,24.089],[76.135,24.095],[76.137,24.131],[76.131,24.169],[76.123,24.205],[76.152,24.235],[76.142,24.281],[76.17,24.303],[76.206,24.311],[76.204,24.269],[76.206,24.233],[76.248,24.228],[76.283,24.216],[76.303,24.244],[76.344,24.252],[76.391,24.226],[76.429,24.227],[76.47,24.231],[76.502,24.209],[76.513,24.173],[76.555,24.168],[76.567,24.207],[76.597,24.23],[76.616,24.263],[76.658,24.268],[76.693,24.285],[76.702,24.249],[76.677,24.211],[76.695,24.176],[76.736,24.172],[76.773,24.159],[76.791,24.126],[76.828,24.126],[76.866,24.139],[76.906,24.153],[76.916,24.189],[76.919,24.226],[76.874,24.271],[76.86,24.305],[76.84,24.339],[76.852,24.375],[76.842,24.409],[76.838,24.451],[76.847,24.488],[76.819,24.525],[76.846,24.551],[76.876,24.526],[76.913,24.544],[76.915,24.488],[76.953,24.464],[76.993,24.473],[77.021,24.498],[77.05,24.527],[77.064,24.564],[77.058,24.601],[77.06,24.638],[77.037,24.683],[77.019,24.715],[76.982,24.725],[76.963,24.76],[76.922,24.749],[76.887,24.754],[76.847,24.75],[76.836,24.785],[76.809,24.815],[76.838,24.841],[76.878,24.84],[76.915,24.849],[76.947,24.868],[76.914,24.888],[76.907,24.923],[76.88,24.946],[76.87,24.992],[76.878,25.026],[76.918,25.04],[76.953,25.048],[76.984,25.078],[77.02,25.071],[77.055,25.063],[77.09,25.066],[77.128,25.089],[77.165,25.099],[77.197,25.117],[77.242,25.113],[77.284,25.104],[77.32,25.091],[77.357,25.102],[77.387,25.122],[77.389,25.16],[77.408,25.19],[77.406,25.226],[77.376,25.249],[77.363,25.284],[77.372,25.32],[77.336,25.326],[77.355,25.364],[77.354,25.404],[77.329,25.429],[77.283,25.424],[77.25,25.395],[77.22,25.373],[77.217,25.337],[77.191,25.312],[77.154,25.313],[77.121,25.331],[77.083,25.34],[77.053,25.321],[77.018,25.302],[76.959,25.297],[76.929,25.279],[76.905,25.318],[76.867,25.325],[76.826,25.327],[76.773,25.316],[76.74,25.348],[76.703,25.348],[76.665,25.358],[76.636,25.38],[76.599,25.405],[76.574,25.437],[76.56,25.473],[76.54,25.506],[76.522,25.541],[76.51,25.58],[76.515,25.634],[76.511,25.673],[76.478,25.695],[76.503,25.729],[76.522,25.766],[76.535,25.809],[76.567,25.84],[76.593,25.874],[76.632,25.875],[76.646,25.909],[76.684,25.91],[76.722,25.9],[76.756,25.916],[76.786,25.94],[76.816,25.967],[76.837,26.002],[76.846,26.04],[76.873,26.064],[76.895,26.098],[76.939,26.106],[76.986,26.132],[77.008,26.161],[77.045,26.185],[77.085,26.187],[77.106,26.219],[77.143,26.238],[77.185,26.237],[77.238,26.263],[77.29,26.296],[77.312,26.334],[77.347,26.36],[77.383,26.362],[77.432,26.365],[77.425,26.402],[77.475,26.415],[77.523,26.415],[77.551,26.441],[77.599,26.454],[77.627,26.483],[77.668,26.508],[77.714,26.504],[77.739,26.543],[77.783,26.553],[77.818,26.56],[77.82,26.6],[77.87,26.619],[77.891,26.655],[77.94,26.663],[77.976,26.683],[78.012,26.7],[78.049,26.69],[78.086,26.683],[78.087,26.724],[78.112,26.75],[78.094,26.783],[78.131,26.799],[78.176,26.791],[78.161,26.827],[78.203,26.832],[78.248,26.824],[78.271,26.856],[78.316,26.869],[78.351,26.874],[78.365,26.869]]]}},{"type":"Feature","id":21,"properties":{"id":21,"name":"Maharashtra","type":"State"},"geometry":{"type":"MultiPolygon","coordinates":[[[[73.456,15.89],[73.456,15.89]]],[[[73.463,15.89],[73.463,15.89]]],[[[73.466,15.896],[73.466,15.896]]],[[[73.46,16.046],[73.46,16.046]]],[[[73.443,16.103],[73.443,16.103]]],[[[73.084,17.819],[73.084,17.819]]],[[[73.038,18.052],[73.038,18.052]]],[[[72.966,18.301],[72.966,18.301]]],[[[73.079,18.31],[73.079,18.31]]],[[[73.082,18.322],[73.082,18.322]]],[[[72.865,18.636],[72.865,18.636]]],[[[72.813,18.707],[72.813,18.707]]],[[[72.843,18.708],[72.843,18.708]]],[[[72.902,18.964],[72.902,18.964]]],[[[72.939,18.972],[72.939,18.972]]],[[[73.026,19],[73.026,19]]],[[[72.782,19.135],[72.782,19.135]]],[[[72.731,19.468],[72.731,19.468]]],[[[74.436,22.031],[74.443,21.994],[74.46,21.963],[74.492,21.945],[74.517,21.918],[74.517,21.875],[74.512,21.821],[74.506,21.783],[74.514,21.748],[74.531,21.717],[74.561,21.699],[74.587,21.675],[74.619,21.661],[74.654,21.655],[74.687,21.639],[74.719,21.625],[74.754,21.618],[74.789,21.611],[74.824,21.61],[74.856,21.627],[74.891,21.632],[74.921,21.612],[74.955,21.602],[74.99,21.593],[75.032,21.569],[75.065,21.551],[75.09,21.514],[75.107,21.47],[75.147,21.443],[75.188,21.427],[75.22,21.411],[75.259,21.405],[75.3,21.416],[75.335,21.395],[75.379,21.392],[75.42,21.39],[75.46,21.393],[75.496,21.391],[75.54,21.377],[75.581,21.38],[75.619,21.393],[75.655,21.382],[75.69,21.388],[75.733,21.393],[75.774,21.387],[75.813,21.387],[75.851,21.389],[75.888,21.4],[75.932,21.392],[75.969,21.394],[76,21.375],[76.035,21.365],[76.077,21.364],[76.116,21.339],[76.129,21.298],[76.154,21.269],[76.146,21.233],[76.168,21.206],[76.167,21.171],[76.131,21.176],[76.14,21.14],[76.162,21.11],[76.209,21.09],[76.262,21.095],[76.297,21.077],[76.335,21.077],[76.372,21.079],[76.409,21.094],[76.441,21.112],[76.466,21.139],[76.478,21.176],[76.521,21.189],[76.559,21.206],[76.606,21.197],[76.632,21.229],[76.659,21.253],[76.649,21.3],[76.626,21.33],[76.668,21.369],[76.719,21.401],[76.743,21.443],[76.776,21.46],[76.786,21.499],[76.786,21.535],[76.784,21.578],[76.823,21.593],[76.852,21.615],[76.892,21.601],[76.979,21.666],[77.01,21.684],[77.059,21.709],[77.094,21.72],[77.133,21.722],[77.171,21.727],[77.201,21.696],[77.24,21.717],[77.283,21.724],[77.277,21.76],[77.321,21.757],[77.376,21.757],[77.413,21.758],[77.45,21.763],[77.489,21.75],[77.518,21.727],[77.542,21.701],[77.559,21.669],[77.571,21.627],[77.572,21.588],[77.606,21.551],[77.578,21.529],[77.541,21.539],[77.507,21.551],[77.469,21.554],[77.432,21.546],[77.431,21.502],[77.449,21.47],[77.469,21.437],[77.484,21.399],[77.517,21.378],[77.563,21.373],[77.601,21.365],[77.629,21.391],[77.663,21.377],[77.694,21.397],[77.705,21.359],[77.743,21.38],[77.786,21.389],[77.818,21.409],[77.855,21.391],[77.892,21.379],[77.932,21.386],[77.972,21.401],[78.004,21.416],[78.043,21.435],[78.079,21.446],[78.109,21.464],[78.143,21.482],[78.171,21.509],[78.173,21.553],[78.215,21.554],[78.269,21.571],[78.309,21.574],[78.348,21.579],[78.372,21.611],[78.411,21.607],[78.419,21.572],[78.427,21.53],[78.452,21.497],[78.486,21.512],[78.52,21.525],[78.556,21.516],[78.581,21.49],[78.616,21.482],[78.659,21.479],[78.696,21.477],[78.735,21.471],[78.772,21.467],[78.81,21.491],[78.848,21.491],[78.885,21.486],[78.921,21.488],[78.936,21.519],[78.904,21.555],[78.913,21.592],[78.962,21.606],[78.997,21.616],[79.031,21.606],[79.076,21.608],[79.111,21.626],[79.147,21.657],[79.186,21.654],[79.222,21.657],[79.221,21.697],[79.258,21.718],[79.285,21.694],[79.32,21.687],[79.362,21.68],[79.397,21.676],[79.432,21.683],[79.489,21.674],[79.5,21.641],[79.507,21.602],[79.532,21.573],[79.56,21.548],[79.599,21.551],[79.634,21.555],[79.663,21.58],[79.699,21.592],[79.745,21.598],[79.792,21.581],[79.825,21.547],[79.857,21.531],[79.892,21.523],[79.921,21.546],[79.961,21.558],[79.994,21.535],[80.026,21.557],[80.061,21.554],[80.087,21.579],[80.113,21.604],[80.148,21.606],[80.18,21.626],[80.216,21.62],[80.252,21.622],[80.28,21.596],[80.31,21.577],[80.327,21.546],[80.362,21.528],[80.375,21.495],[80.397,21.467],[80.406,21.432],[80.39,21.401],[80.414,21.375],[80.446,21.393],[80.481,21.397],[80.517,21.391],[80.544,21.367],[80.572,21.346],[80.599,21.323],[80.638,21.325],[80.671,21.312],[80.651,21.282],[80.635,21.25],[80.606,21.23],[80.572,21.217],[80.539,21.199],[80.508,21.182],[80.473,21.171],[80.449,21.144],[80.439,21.109],[80.443,21.074],[80.447,21.037],[80.424,21.01],[80.439,20.972],[80.457,20.937],[80.491,20.928],[80.526,20.932],[80.546,20.903],[80.549,20.868],[80.555,20.829],[80.543,20.792],[80.552,20.753],[80.56,20.712],[80.578,20.679],[80.537,20.664],[80.502,20.649],[80.482,20.617],[80.5,20.587],[80.551,20.599],[80.586,20.614],[80.622,20.604],[80.62,20.567],[80.61,20.532],[80.606,20.487],[80.595,20.446],[80.587,20.401],[80.605,20.366],[80.617,20.326],[80.552,20.312],[80.527,20.285],[80.476,20.274],[80.437,20.258],[80.404,20.248],[80.398,20.213],[80.393,20.177],[80.401,20.14],[80.44,20.129],[80.477,20.139],[80.511,20.127],[80.541,20.105],[80.546,20.066],[80.535,20.011],[80.538,19.974],[80.52,19.931],[80.48,19.928],[80.444,19.953],[80.409,19.935],[80.431,19.898],[80.469,19.903],[80.497,19.877],[80.471,19.843],[80.432,19.81],[80.395,19.795],[80.436,19.792],[80.478,19.772],[80.463,19.806],[80.498,19.829],[80.535,19.818],[80.539,19.781],[80.568,19.757],[80.613,19.729],[80.646,19.706],[80.665,19.673],[80.656,19.625],[80.697,19.611],[80.758,19.59],[80.785,19.56],[80.828,19.563],[80.845,19.529],[80.879,19.519],[80.892,19.482],[80.876,19.448],[80.835,19.442],[80.794,19.429],[80.813,19.383],[80.845,19.361],[80.813,19.338],[80.778,19.319],[80.749,19.287],[80.709,19.283],[80.685,19.313],[80.635,19.313],[80.6,19.318],[80.586,19.353],[80.573,19.398],[80.532,19.374],[80.507,19.344],[80.47,19.329],[80.445,19.27],[80.414,19.249],[80.379,19.233],[80.386,19.196],[80.362,19.169],[80.325,19.142],[80.332,19.101],[80.316,19.065],[80.291,19.04],[80.272,18.997],[80.267,18.953],[80.291,18.908],[80.322,18.875],[80.346,18.834],[80.319,18.796],[80.28,18.768],[80.242,18.76],[80.268,18.718],[80.236,18.7],[80.194,18.689],[80.158,18.696],[80.121,18.681],[80.087,18.698],[80.053,18.718],[80.033,18.746],[79.993,18.774],[79.95,18.78],[79.916,18.797],[79.894,18.831],[79.933,18.845],[79.94,18.897],[79.941,18.938],[79.932,18.972],[79.934,19.022],[79.903,19.048],[79.86,19.035],[79.86,19.091],[79.906,19.142],[79.941,19.164],[79.923,19.203],[79.932,19.259],[79.962,19.297],[79.957,19.335],[79.967,19.375],[79.959,19.426],[79.945,19.459],[79.918,19.486],[79.878,19.501],[79.828,19.537],[79.811,19.574],[79.778,19.598],[79.74,19.603],[79.705,19.581],[79.665,19.577],[79.621,19.565],[79.603,19.521],[79.566,19.511],[79.545,19.543],[79.516,19.522],[79.48,19.504],[79.441,19.534],[79.402,19.54],[79.371,19.562],[79.33,19.574],[79.293,19.597],[79.255,19.611],[79.24,19.559],[79.232,19.521],[79.207,19.492],[79.189,19.459],[79.157,19.486],[79.126,19.506],[79.097,19.53],[79.06,19.539],[79.018,19.54],[78.986,19.557],[78.95,19.557],[78.978,19.58],[78.963,19.617],[78.962,19.659],[78.916,19.668],[78.878,19.657],[78.863,19.697],[78.857,19.731],[78.838,19.762],[78.803,19.76],[78.773,19.779],[78.732,19.773],[78.696,19.79],[78.648,19.801],[78.614,19.813],[78.574,19.814],[78.526,19.822],[78.504,19.792],[78.476,19.816],[78.429,19.823],[78.389,19.846],[78.374,19.879],[78.336,19.883],[78.32,19.915],[78.298,19.873],[78.339,19.839],[78.36,19.806],[78.365,19.767],[78.345,19.734],[78.323,19.704],[78.286,19.69],[78.288,19.654],[78.309,19.611],[78.311,19.572],[78.295,19.537],[78.304,19.494],[78.309,19.456],[78.273,19.454],[78.246,19.429],[78.205,19.414],[78.187,19.385],[78.182,19.345],[78.193,19.303],[78.183,19.261],[78.15,19.23],[78.099,19.245],[78.058,19.24],[78.033,19.274],[77.996,19.306],[77.967,19.327],[77.926,19.332],[77.888,19.312],[77.861,19.288],[77.901,19.277],[77.867,19.255],[77.858,19.218],[77.858,19.181],[77.838,19.138],[77.844,19.096],[77.806,19.103],[77.797,19.065],[77.762,19.062],[77.76,19.023],[77.767,18.981],[77.817,18.982],[77.827,18.946],[77.841,18.911],[77.882,18.909],[77.899,18.868],[77.932,18.851],[77.859,18.814],[77.828,18.786],[77.81,18.74],[77.787,18.694],[77.75,18.698],[77.728,18.664],[77.743,18.621],[77.735,18.563],[77.683,18.541],[77.645,18.536],[77.611,18.548],[77.596,18.515],[77.601,18.474],[77.56,18.467],[77.535,18.442],[77.549,18.388],[77.521,18.365],[77.542,18.334],[77.57,18.308],[77.524,18.303],[77.498,18.273],[77.465,18.26],[77.437,18.282],[77.396,18.303],[77.359,18.311],[77.379,18.339],[77.401,18.37],[77.37,18.401],[77.365,18.438],[77.326,18.449],[77.295,18.433],[77.258,18.41],[77.233,18.386],[77.221,18.347],[77.21,18.314],[77.206,18.278],[77.171,18.281],[77.151,18.238],[77.131,18.206],[77.096,18.195],[77.109,18.153],[77.069,18.149],[77.038,18.181],[76.998,18.167],[76.959,18.186],[76.933,18.158],[76.922,18.12],[76.959,18.106],[76.949,18.068],[76.918,18.033],[76.918,17.996],[76.917,17.96],[76.918,17.923],[76.889,17.897],[76.854,17.898],[76.82,17.884],[76.775,17.877],[76.743,17.899],[76.737,17.857],[76.78,17.836],[76.776,17.799],[76.744,17.783],[76.718,17.748],[76.701,17.707],[76.663,17.688],[76.651,17.721],[76.627,17.756],[76.599,17.728],[76.573,17.702],[76.568,17.74],[76.538,17.759],[76.525,17.723],[76.486,17.714],[76.485,17.67],[76.452,17.656],[76.426,17.628],[76.382,17.601],[76.336,17.596],[76.337,17.555],[76.365,17.529],[76.343,17.494],[76.331,17.462],[76.364,17.436],[76.362,17.375],[76.408,17.369],[76.393,17.336],[76.359,17.31],[76.344,17.35],[76.305,17.328],[76.273,17.348],[76.244,17.375],[76.204,17.359],[76.174,17.332],[76.176,17.297],[76.163,17.341],[76.121,17.366],[76.093,17.344],[76.055,17.354],[76.015,17.351],[75.981,17.336],[75.942,17.325],[75.911,17.346],[75.896,17.395],[75.862,17.386],[75.839,17.421],[75.818,17.388],[75.782,17.379],[75.759,17.408],[75.722,17.412],[75.687,17.417],[75.681,17.454],[75.65,17.473],[75.619,17.439],[75.617,17.399],[75.584,17.382],[75.598,17.345],[75.606,17.303],[75.633,17.277],[75.661,17.24],[75.657,17.204],[75.63,17.181],[75.643,17.148],[75.654,17.113],[75.68,17.078],[75.648,17.047],[75.671,16.999],[75.678,16.964],[75.645,16.951],[75.611,16.97],[75.599,17.005],[75.57,16.964],[75.533,16.967],[75.502,16.945],[75.482,16.976],[75.444,16.979],[75.395,16.976],[75.36,16.957],[75.306,16.955],[75.286,16.909],[75.283,16.874],[75.249,16.865],[75.216,16.84],[75.193,16.87],[75.151,16.869],[75.128,16.897],[75.095,16.921],[75.055,16.939],[75.011,16.943],[74.975,16.935],[74.938,16.941],[74.953,16.906],[74.94,16.872],[74.913,16.841],[74.916,16.786],[74.868,16.771],[74.804,16.751],[74.769,16.739],[74.737,16.716],[74.698,16.715],[74.688,16.682],[74.661,16.638],[74.691,16.618],[74.652,16.607],[74.631,16.578],[74.596,16.564],[74.56,16.56],[74.55,16.609],[74.51,16.631],[74.481,16.654],[74.471,16.615],[74.434,16.594],[74.402,16.575],[74.396,16.536],[74.363,16.549],[74.324,16.551],[74.324,16.506],[74.298,16.532],[74.279,16.501],[74.296,16.467],[74.331,16.453],[74.338,16.413],[74.369,16.394],[74.335,16.383],[74.332,16.346],[74.332,16.311],[74.331,16.273],[74.37,16.291],[74.418,16.281],[74.441,16.253],[74.473,16.239],[74.508,16.223],[74.509,16.188],[74.495,16.155],[74.497,16.112],[74.46,16.103],[74.423,16.103],[74.397,16.078],[74.368,16.053],[74.409,16.045],[74.448,16.052],[74.456,16.009],[74.444,15.974],[74.412,15.925],[74.402,15.887],[74.412,15.853],[74.383,15.878],[74.353,15.859],[74.387,15.847],[74.366,15.815],[74.365,15.774],[74.33,15.77],[74.292,15.739],[74.25,15.741],[74.24,15.781],[74.211,15.759],[74.171,15.75],[74.143,15.727],[74.139,15.686],[74.106,15.671],[74.081,15.626],[74.039,15.621],[74.002,15.609],[73.969,15.644],[73.971,15.687],[73.951,15.723],[73.918,15.745],[73.882,15.749],[73.875,15.786],[73.845,15.763],[73.816,15.735],[73.776,15.731],[73.741,15.719],[73.703,15.725],[73.668,15.732],[73.662,15.767],[73.659,15.802],[73.636,15.828],[73.613,15.855],[73.599,15.888],[73.572,15.912],[73.544,15.933],[73.51,15.939],[73.499,15.973],[73.49,16.007],[73.48,16.041],[73.467,16.073],[73.458,16.11],[73.451,16.144],[73.442,16.178],[73.445,16.215],[73.42,16.24],[73.411,16.275],[73.398,16.308],[73.387,16.342],[73.372,16.374],[73.402,16.391],[73.368,16.396],[73.359,16.432],[73.344,16.464],[73.33,16.497],[73.317,16.53],[73.332,16.562],[73.347,16.53],[73.379,16.512],[73.354,16.538],[73.388,16.554],[73.355,16.568],[73.323,16.583],[73.345,16.611],[73.323,16.638],[73.331,16.674],[73.318,16.707],[73.306,16.74],[73.307,16.775],[73.321,16.807],[73.295,16.83],[73.294,16.867],[73.28,16.899],[73.287,16.935],[73.294,16.97],[73.269,16.995],[73.254,17.027],[73.29,17.022],[73.288,17.058],[73.285,17.095],[73.271,17.128],[73.261,17.162],[73.242,17.192],[73.241,17.227],[73.222,17.257],[73.203,17.287],[73.237,17.295],[73.221,17.327],[73.215,17.361],[73.193,17.388],[73.185,17.423],[73.185,17.458],[73.184,17.495],[73.167,17.525],[73.141,17.549],[73.163,17.577],[73.142,17.605],[73.128,17.637],[73.121,17.671],[73.128,17.705],[73.128,17.741],[73.115,17.773],[73.101,17.806],[73.088,17.838],[73.123,17.835],[73.089,17.845],[73.075,17.878],[73.052,17.904],[73.075,17.93],[73.04,17.933],[73.029,17.967],[73.018,18],[73.033,18.032],[73.005,18.052],[72.995,18.087],[72.977,18.117],[72.986,18.152],[72.98,18.186],[72.96,18.215],[72.941,18.244],[72.936,18.279],[72.97,18.272],[72.994,18.246],[73.029,18.24],[73.062,18.228],[73.055,18.193],[73.077,18.165],[73.076,18.201],[73.078,18.236],[73.068,18.269],[73.045,18.296],[73.082,18.295],[73.048,18.307],[73.055,18.272],[73.02,18.279],[72.987,18.29],[72.959,18.312],[72.943,18.343],[72.913,18.36],[72.912,18.397],[72.904,18.431],[72.895,18.465],[72.903,18.499],[72.907,18.535],[72.915,18.569],[72.9,18.601],[72.885,18.635],[72.863,18.663],[72.856,18.698],[72.864,18.735],[72.864,18.77],[72.869,18.804],[72.904,18.802],[72.935,18.819],[72.962,18.797],[72.982,18.826],[72.987,18.861],[72.953,18.849],[72.922,18.866],[72.908,18.898],[72.943,18.905],[72.945,18.94],[72.956,18.974],[72.993,18.968],[73.021,18.989],[73.002,19.018],[72.996,19.053],[72.962,19.045],[72.941,19.017],[72.909,18.999],[72.874,19.007],[72.853,18.979],[72.846,18.944],[72.83,18.913],[72.821,18.947],[72.814,18.982],[72.816,19.018],[72.837,19.046],[72.821,19.078],[72.822,19.114],[72.804,19.144],[72.829,19.17],[72.802,19.147],[72.796,19.182],[72.81,19.214],[72.828,19.244],[72.799,19.223],[72.782,19.257],[72.785,19.292],[72.797,19.324],[72.777,19.353],[72.758,19.384],[72.759,19.42],[72.747,19.453],[72.767,19.482],[72.784,19.514],[72.748,19.512],[72.725,19.538],[72.717,19.572],[72.73,19.606],[72.716,19.638],[72.708,19.672],[72.71,19.708],[72.713,19.743],[72.688,19.769],[72.69,19.804],[72.66,19.821],[72.651,19.855],[72.681,19.875],[72.677,19.91],[72.683,19.945],[72.71,19.968],[72.734,19.943],[72.716,19.974],[72.72,20.009],[72.715,20.044],[72.711,20.079],[72.735,20.105],[72.762,20.131],[72.802,20.125],[72.832,20.144],[72.834,20.184],[72.864,20.209],[72.9,20.222],[72.942,20.218],[72.976,20.19],[72.973,20.131],[73.009,20.137],[73.025,20.096],[73.053,20.068],[73.078,20.095],[73.112,20.083],[73.157,20.074],[73.186,20.053],[73.207,20.084],[73.216,20.122],[73.254,20.129],[73.289,20.15],[73.294,20.186],[73.328,20.202],[73.362,20.212],[73.397,20.206],[73.422,20.232],[73.424,20.269],[73.429,20.312],[73.423,20.352],[73.408,20.384],[73.43,20.414],[73.449,20.467],[73.476,20.495],[73.497,20.536],[73.484,20.578],[73.44,20.595],[73.416,20.626],[73.43,20.661],[73.457,20.693],[73.48,20.72],[73.497,20.686],[73.53,20.673],[73.563,20.647],[73.603,20.638],[73.629,20.612],[73.639,20.578],[73.676,20.564],[73.71,20.575],[73.748,20.567],[73.78,20.592],[73.817,20.609],[73.843,20.644],[73.823,20.694],[73.864,20.694],[73.882,20.727],[73.921,20.724],[73.948,20.747],[73.938,20.79],[73.948,20.825],[73.93,20.86],[73.927,20.899],[73.904,20.925],[73.902,20.962],[73.873,20.991],[73.838,20.995],[73.808,21.023],[73.775,21.01],[73.748,21.04],[73.744,21.082],[73.715,21.107],[73.679,21.109],[73.645,21.123],[73.614,21.147],[73.672,21.145],[73.713,21.15],[73.753,21.168],[73.79,21.169],[73.829,21.182],[73.82,21.222],[73.832,21.258],[73.872,21.267],[73.924,21.281],[73.95,21.307],[73.957,21.344],[73.956,21.39],[73.989,21.404],[74.023,21.417],[74.053,21.436],[74.065,21.47],[74.098,21.455],[74.133,21.464],[74.169,21.463],[74.205,21.46],[74.235,21.48],[74.27,21.475],[74.306,21.479],[74.33,21.505],[74.336,21.54],[74.311,21.566],[74.281,21.549],[74.245,21.546],[74.212,21.533],[74.187,21.558],[74.152,21.551],[74.116,21.557],[74.081,21.559],[74.047,21.55],[74.005,21.541],[73.974,21.524],[73.939,21.51],[73.904,21.509],[73.87,21.497],[73.845,21.522],[73.829,21.573],[73.807,21.602],[73.829,21.64],[73.87,21.639],[73.898,21.667],[73.894,21.703],[73.865,21.729],[73.831,21.763],[73.839,21.8],[73.811,21.823],[73.864,21.837],[73.9,21.854],[73.936,21.863],[73.98,21.888],[74.023,21.906],[74.056,21.926],[74.099,21.938],[74.138,21.953],[74.173,21.945],[74.203,21.925],[74.238,21.93],[74.273,21.934],[74.298,21.959],[74.33,21.974],[74.362,21.988],[74.388,22.02],[74.436,22.031]]]]}},{"type":"Feature","id":22,"properties":{"id":22,"name":"Manipur","type":"State"},"geometry":{"type":"Polygon","coordinates":[[[94.577,25.648],[94.573,25.611],[94.56,25.568],[94.561,25.531],[94.585,25.497],[94.625,25.469],[94.659,25.457],[94.678,25.427],[94.649,25.406],[94.627,25.375],[94.622,25.337],[94.602,25.299],[94.597,25.257],[94.585,25.216],[94.613,25.189],[94.648,25.174],[94.681,25.161],[94.729,25.144],[94.745,25.111],[94.751,25.075],[94.745,25.039],[94.726,25.001],[94.702,24.968],[94.702,24.928],[94.686,24.892],[94.658,24.867],[94.635,24.829],[94.625,24.786],[94.621,24.749],[94.599,24.715],[94.562,24.718],[94.551,24.675],[94.531,24.632],[94.508,24.602],[94.478,24.579],[94.45,24.543],[94.435,24.511],[94.403,24.488],[94.409,24.444],[94.392,24.41],[94.378,24.371],[94.352,24.342],[94.328,24.306],[94.315,24.26],[94.292,24.223],[94.284,24.18],[94.258,24.143],[94.257,24.107],[94.25,24.07],[94.232,24.021],[94.21,23.992],[94.194,23.951],[94.169,23.912],[94.165,23.865],[94.135,23.846],[94.104,23.877],[94.068,23.896],[94.038,23.921],[94.002,23.931],[93.962,23.937],[93.926,23.955],[93.891,23.952],[93.849,23.938],[93.809,23.933],[93.794,23.968],[93.767,23.997],[93.727,24.004],[93.686,24.01],[93.645,24.014],[93.616,23.981],[93.58,23.97],[93.539,23.963],[93.503,23.956],[93.469,23.974],[93.459,24.01],[93.44,24.044],[93.42,24.076],[93.383,24.089],[93.351,24.112],[93.338,24.079],[93.313,24.054],[93.277,24.04],[93.264,24.073],[93.227,24.087],[93.217,24.05],[93.178,24.054],[93.158,24.084],[93.129,24.064],[93.095,24.08],[93.054,24.091],[93.014,24.105],[92.976,24.115],[92.991,24.147],[93.011,24.182],[93.024,24.218],[93.007,24.254],[93.018,24.293],[93.043,24.343],[93.022,24.374],[93,24.403],[93.039,24.411],[93.038,24.461],[93.036,24.497],[93.048,24.531],[93.073,24.561],[93.104,24.583],[93.087,24.614],[93.086,24.651],[93.093,24.688],[93.093,24.724],[93.104,24.763],[93.113,24.802],[93.149,24.799],[93.186,24.805],[93.202,24.84],[93.222,24.871],[93.242,24.901],[93.247,24.936],[93.259,24.973],[93.249,25.013],[93.268,25.044],[93.305,25.048],[93.322,25.088],[93.344,25.116],[93.349,25.153],[93.361,25.192],[93.382,25.224],[93.404,25.263],[93.439,25.287],[93.474,25.309],[93.488,25.276],[93.505,25.244],[93.541,25.245],[93.575,25.228],[93.601,25.202],[93.629,25.236],[93.65,25.269],[93.665,25.304],[93.687,25.331],[93.712,25.358],[93.74,25.384],[93.76,25.414],[93.788,25.436],[93.809,25.466],[93.797,25.504],[93.768,25.525],[93.808,25.545],[93.844,25.562],[93.892,25.568],[93.93,25.565],[93.965,25.557],[94.001,25.574],[94.035,25.581],[94.069,25.559],[94.106,25.529],[94.145,25.528],[94.18,25.55],[94.207,25.514],[94.252,25.499],[94.287,25.512],[94.321,25.499],[94.365,25.521],[94.404,25.541],[94.425,25.573],[94.449,25.601],[94.491,25.62],[94.524,25.643],[94.552,25.667],[94.573,25.698],[94.585,25.662],[94.577,25.648]]]}},{"type":"Feature","id":23,"properties":{"id":23,"name":"Meghalaya","type":"State"},"geometry":{"type":"Polygon","coordinates":[[[91.854,26.105],[91.869,26.057],[91.892,26.03],[91.92,26.002],[91.952,26.018],[91.987,26.039],[92.024,26.038],[92.063,26.035],[92.109,26.05],[92.144,26.058],[92.178,26.08],[92.214,26.07],[92.251,26.064],[92.288,26.07],[92.256,26.029],[92.221,26.002],[92.181,25.975],[92.156,25.945],[92.174,25.909],[92.218,25.91],[92.195,25.881],[92.178,25.848],[92.156,25.817],[92.155,25.78],[92.165,25.745],[92.151,25.712],[92.165,25.678],[92.2,25.687],[92.225,25.714],[92.261,25.71],[92.306,25.723],[92.348,25.732],[92.385,25.754],[92.417,25.73],[92.433,25.695],[92.472,25.675],[92.493,25.636],[92.533,25.616],[92.561,25.583],[92.587,25.553],[92.621,25.568],[92.648,25.592],[92.645,25.547],[92.622,25.516],[92.59,25.5],[92.567,25.467],[92.6,25.454],[92.607,25.419],[92.651,25.432],[92.68,25.409],[92.71,25.386],[92.741,25.367],[92.761,25.335],[92.784,25.308],[92.77,25.269],[92.772,25.233],[92.804,25.219],[92.768,25.205],[92.724,25.199],[92.694,25.181],[92.661,25.162],[92.632,25.138],[92.598,25.125],[92.558,25.13],[92.538,25.099],[92.499,25.108],[92.477,25.078],[92.463,25.037],[92.426,25.032],[92.393,25.043],[92.357,25.051],[92.339,25.081],[92.291,25.079],[92.257,25.09],[92.225,25.108],[92.193,25.123],[92.158,25.138],[92.132,25.167],[92.098,25.181],[92.056,25.188],[92.018,25.189],[91.98,25.176],[91.943,25.184],[91.903,25.184],[91.867,25.178],[91.83,25.181],[91.793,25.171],[91.757,25.18],[91.733,25.152],[91.699,25.141],[91.665,25.13],[91.628,25.128],[91.605,25.155],[91.569,25.159],[91.534,25.144],[91.499,25.135],[91.462,25.149],[91.427,25.16],[91.393,25.167],[91.357,25.172],[91.323,25.183],[91.288,25.195],[91.252,25.195],[91.216,25.199],[91.177,25.195],[91.138,25.194],[91.1,25.197],[91.064,25.19],[91.03,25.185],[90.993,25.174],[90.953,25.167],[90.918,25.161],[90.879,25.161],[90.843,25.159],[90.809,25.165],[90.774,25.179],[90.742,25.165],[90.706,25.157],[90.673,25.169],[90.637,25.172],[90.6,25.175],[90.564,25.172],[90.528,25.173],[90.494,25.161],[90.46,25.152],[90.424,25.153],[90.387,25.163],[90.355,25.18],[90.321,25.191],[90.286,25.198],[90.248,25.204],[90.213,25.21],[90.175,25.224],[90.135,25.226],[90.099,25.239],[90.067,25.255],[90.034,25.267],[90.002,25.281],[89.971,25.303],[89.934,25.302],[89.894,25.295],[89.857,25.288],[89.835,25.32],[89.824,25.354],[89.824,25.39],[89.835,25.429],[89.855,25.46],[89.88,25.489],[89.876,25.529],[89.904,25.56],[89.942,25.568],[89.975,25.584],[90.011,25.598],[89.983,25.627],[89.947,25.659],[89.921,25.694],[89.894,25.727],[89.928,25.741],[89.952,25.77],[89.952,25.811],[89.991,25.836],[90.021,25.862],[90.042,25.891],[90.068,25.916],[90.096,25.94],[90.128,25.959],[90.163,25.957],[90.208,25.962],[90.278,25.963],[90.324,25.974],[90.347,26.003],[90.381,26.012],[90.416,25.997],[90.458,26],[90.492,26.007],[90.524,25.97],[90.532,25.933],[90.511,25.9],[90.547,25.92],[90.573,25.944],[90.629,25.937],[90.608,25.908],[90.654,25.93],[90.686,25.951],[90.725,25.949],[90.741,25.915],[90.778,25.908],[90.797,25.941],[90.832,25.945],[90.87,25.942],[90.913,25.92],[90.943,25.948],[90.967,25.905],[91.001,25.886],[91.013,25.849],[91.049,25.849],[91.081,25.829],[91.121,25.831],[91.153,25.85],[91.193,25.855],[91.188,25.816],[91.18,25.776],[91.189,25.739],[91.221,25.726],[91.255,25.748],[91.287,25.764],[91.306,25.796],[91.332,25.832],[91.37,25.844],[91.405,25.85],[91.441,25.842],[91.475,25.857],[91.513,25.867],[91.477,25.869],[91.501,25.898],[91.531,25.924],[91.519,25.958],[91.551,25.975],[91.565,26.008],[91.602,26.023],[91.633,26.005],[91.638,25.965],[91.611,25.94],[91.648,25.914],[91.686,25.921],[91.714,25.947],[91.721,26.002],[91.726,26.047],[91.759,26.071],[91.802,26.105],[91.854,26.105]]]}},{"type":"Feature","id":24,"properties":{"id":24,"name":"Mizoram","type":"State"},"geometry":{"type":"Polygon","coordinates":[[[92.801,24.419],[92.831,24.401],[92.872,24.397],[92.909,24.403],[92.951,24.405],[92.988,24.408],[93.024,24.39],[93.022,24.347],[93.024,24.301],[93.007,24.263],[93.027,24.233],[93.012,24.198],[93.006,24.163],[92.989,24.132],[93.014,24.105],[93.054,24.091],[93.09,24.084],[93.1,24.049],[93.135,24.073],[93.17,24.055],[93.217,24.05],[93.227,24.087],[93.264,24.073],[93.252,24.034],[93.285,24.047],[93.337,24.053],[93.34,24.012],[93.352,23.978],[93.368,23.943],[93.4,23.924],[93.396,23.887],[93.397,23.851],[93.407,23.817],[93.404,23.775],[93.415,23.738],[93.423,23.704],[93.433,23.667],[93.433,23.619],[93.433,23.582],[93.428,23.545],[93.411,23.513],[93.407,23.475],[93.397,23.433],[93.406,23.398],[93.39,23.363],[93.378,23.327],[93.381,23.29],[93.383,23.245],[93.387,23.202],[93.381,23.167],[93.382,23.128],[93.362,23.095],[93.345,23.064],[93.33,23.032],[93.302,23.008],[93.259,23.009],[93.228,23.033],[93.201,23.058],[93.162,23.052],[93.132,23.026],[93.145,22.988],[93.152,22.95],[93.168,22.919],[93.135,22.907],[93.13,22.869],[93.117,22.833],[93.103,22.792],[93.111,22.753],[93.101,22.72],[93.107,22.682],[93.115,22.639],[93.143,22.608],[93.129,22.574],[93.116,22.54],[93.131,22.506],[93.138,22.469],[93.175,22.451],[93.189,22.414],[93.193,22.371],[93.203,22.334],[93.201,22.292],[93.196,22.256],[93.16,22.247],[93.159,22.211],[93.148,22.177],[93.12,22.199],[93.082,22.208],[93.047,22.198],[93.052,22.157],[93.063,22.121],[93.023,22.106],[93.008,22.07],[93.002,22.032],[93.01,21.996],[92.973,22.01],[92.935,22.02],[92.922,21.981],[92.911,21.946],[92.905,21.981],[92.889,22.018],[92.87,22.054],[92.837,22.076],[92.803,22.102],[92.769,22.116],[92.738,22.139],[92.703,22.154],[92.699,22.118],[92.697,22.081],[92.69,22.041],[92.663,22.016],[92.638,21.989],[92.607,22.008],[92.601,22.044],[92.593,22.082],[92.578,22.115],[92.612,22.133],[92.614,22.173],[92.6,22.209],[92.598,22.248],[92.589,22.282],[92.587,22.317],[92.578,22.353],[92.567,22.386],[92.562,22.426],[92.558,22.463],[92.551,22.503],[92.545,22.538],[92.534,22.575],[92.537,22.614],[92.533,22.651],[92.522,22.688],[92.511,22.725],[92.485,22.75],[92.477,22.787],[92.461,22.818],[92.459,22.854],[92.448,22.891],[92.419,22.913],[92.387,22.931],[92.378,22.965],[92.386,23.002],[92.386,23.037],[92.388,23.076],[92.366,23.105],[92.366,23.142],[92.366,23.177],[92.364,23.214],[92.389,23.24],[92.398,23.276],[92.387,23.309],[92.382,23.347],[92.369,23.38],[92.356,23.413],[92.337,23.446],[92.331,23.481],[92.322,23.517],[92.318,23.555],[92.306,23.591],[92.298,23.627],[92.293,23.67],[92.289,23.705],[92.266,23.739],[92.264,23.792],[92.286,23.823],[92.288,23.863],[92.322,23.874],[92.331,23.912],[92.313,23.943],[92.323,23.98],[92.317,24.018],[92.319,24.057],[92.328,24.094],[92.329,24.13],[92.329,24.166],[92.32,24.203],[92.299,24.232],[92.377,24.251],[92.416,24.253],[92.42,24.218],[92.433,24.183],[92.451,24.144],[92.484,24.158],[92.515,24.175],[92.541,24.206],[92.549,24.243],[92.588,24.245],[92.616,24.271],[92.62,24.308],[92.649,24.329],[92.68,24.348],[92.702,24.375],[92.715,24.409],[92.731,24.453],[92.749,24.489],[92.765,24.521],[92.779,24.487],[92.794,24.444],[92.801,24.419]]]}},{"type":"Feature","id":25,"properties":{"id":25,"name":"Nagaland","type":"State"},"geometry":{"type":"Polygon","coordinates":[[[95.214,26.937],[95.234,26.906],[95.206,26.878],[95.201,26.843],[95.215,26.798],[95.224,26.762],[95.228,26.724],[95.236,26.688],[95.215,26.656],[95.182,26.643],[95.155,26.619],[95.154,26.581],[95.125,26.557],[95.113,26.519],[95.088,26.491],[95.067,26.462],[95.097,26.439],[95.105,26.401],[95.136,26.383],[95.132,26.347],[95.131,26.307],[95.123,26.269],[95.123,26.233],[95.125,26.197],[95.12,26.155],[95.121,26.11],[95.157,26.096],[95.173,26.062],[95.149,26.019],[95.118,25.988],[95.093,25.961],[95.057,25.947],[95.028,25.92],[95.019,25.885],[95.03,25.849],[95.044,25.813],[95.053,25.763],[95.019,25.738],[94.993,25.714],[94.954,25.683],[94.933,25.654],[94.921,25.615],[94.889,25.593],[94.859,25.563],[94.83,25.538],[94.816,25.5],[94.779,25.484],[94.739,25.477],[94.702,25.469],[94.67,25.455],[94.633,25.466],[94.597,25.486],[94.568,25.507],[94.56,25.546],[94.556,25.586],[94.577,25.62],[94.581,25.657],[94.596,25.691],[94.552,25.667],[94.524,25.643],[94.499,25.617],[94.449,25.601],[94.422,25.576],[94.404,25.541],[94.365,25.521],[94.329,25.508],[94.291,25.51],[94.252,25.499],[94.215,25.5],[94.191,25.531],[94.16,25.555],[94.139,25.524],[94.092,25.533],[94.065,25.566],[94.033,25.585],[93.98,25.571],[93.944,25.563],[93.905,25.567],[93.862,25.558],[93.825,25.556],[93.779,25.538],[93.766,25.5],[93.804,25.499],[93.805,25.463],[93.784,25.432],[93.747,25.406],[93.723,25.376],[93.691,25.347],[93.673,25.312],[93.652,25.279],[93.632,25.243],[93.613,25.206],[93.582,25.226],[93.555,25.251],[93.516,25.245],[93.495,25.279],[93.474,25.309],[93.458,25.341],[93.478,25.38],[93.465,25.416],[93.444,25.451],[93.403,25.459],[93.386,25.493],[93.36,25.52],[93.332,25.547],[93.364,25.561],[93.391,25.589],[93.417,25.615],[93.444,25.638],[93.483,25.646],[93.51,25.671],[93.538,25.703],[93.557,25.738],[93.587,25.759],[93.622,25.78],[93.636,25.814],[93.67,25.829],[93.698,25.851],[93.691,25.889],[93.705,25.921],[93.75,25.937],[93.773,25.966],[93.793,25.937],[93.796,25.901],[93.786,25.867],[93.787,25.828],[93.824,25.847],[93.869,25.855],[93.902,25.871],[93.935,25.891],[93.969,25.911],[93.971,25.953],[93.961,25.997],[93.963,26.033],[93.991,26.073],[94,26.108],[94.006,26.147],[94.013,26.186],[94.037,26.218],[94.053,26.256],[94.077,26.285],[94.104,26.322],[94.136,26.338],[94.172,26.344],[94.179,26.389],[94.177,26.428],[94.201,26.47],[94.224,26.501],[94.252,26.528],[94.277,26.559],[94.289,26.525],[94.292,26.49],[94.317,26.463],[94.343,26.49],[94.378,26.513],[94.402,26.539],[94.412,26.573],[94.409,26.61],[94.455,26.639],[94.486,26.674],[94.52,26.695],[94.555,26.708],[94.592,26.703],[94.6,26.738],[94.632,26.72],[94.687,26.733],[94.72,26.758],[94.746,26.782],[94.786,26.799],[94.813,26.825],[94.826,26.859],[94.853,26.885],[94.882,26.927],[94.914,26.943],[94.957,26.944],[94.986,26.918],[95.021,26.925],[95.055,26.941],[95.11,26.967],[95.137,26.994],[95.196,27.043],[95.2,27.006],[95.215,26.97],[95.214,26.937]]]}},{"type":"Feature","id":26,"properties":{"id":26,"name":"Orissa","type":"State"},"geometry":{"type":"MultiPolygon","coordinates":[[[[84.77,19.106],[84.77,19.106]]],[[[84.757,19.111],[84.757,19.111]]],[[[84.783,19.111],[84.767,19.08],[84.73,19.089],[84.765,19.1],[84.783,19.111]]],[[[86.241,19.909],[86.241,19.909]]],[[[86.372,19.954],[86.372,19.954]]],[[[86.387,19.963],[86.387,19.963]]],[[[86.392,19.966],[86.392,19.966]]],[[[86.369,19.974],[86.369,19.974]]],[[[86.321,19.988],[86.321,19.988]]],[[[86.321,19.999],[86.321,19.999]]],[[[86.336,19.991],[86.336,19.991]]],[[[86.31,20.016],[86.31,20.016]]],[[[86.253,20.025],[86.253,20.025]]],[[[86.411,20.018],[86.411,20.018]]],[[[86.272,20.024],[86.272,20.024]]],[[[86.32,20.029],[86.32,20.029]]],[[[86.315,20.032],[86.315,20.032]]],[[[86.266,20.034],[86.266,20.034]]],[[[86.31,20.041],[86.31,20.041]]],[[[86.301,20.043],[86.301,20.043]]],[[[86.426,20.039],[86.426,20.039]]],[[[86.295,20.05],[86.295,20.05]]],[[[86.27,20.058],[86.3,20.038],[86.264,20.035],[86.27,20.058]]],[[[86.263,20.058],[86.263,20.058]]],[[[86.437,20.059],[86.437,20.059]]],[[[86.491,20.15],[86.491,20.15]]],[[[86.502,20.176],[86.502,20.176]]],[[[86.553,20.205],[86.553,20.205]]],[[[86.792,20.374],[86.792,20.374]]],[[[86.794,20.38],[86.794,20.38]]],[[[86.793,20.384],[86.793,20.384]]],[[[86.803,20.421],[86.808,20.386],[86.802,20.421],[86.803,20.421]]],[[[86.79,20.388],[86.79,20.424],[86.792,20.389],[86.79,20.388]]],[[[86.803,20.459],[86.803,20.459]]],[[[86.805,20.492],[86.805,20.492]]],[[[86.874,20.674],[86.874,20.674]]],[[[86.798,20.692],[86.798,20.692]]],[[[87.003,20.711],[87.003,20.711]]],[[[87.009,20.708],[87.009,20.708]]],[[[87.058,20.744],[87.058,20.744]]],[[[87.071,20.736],[87.071,20.736]]],[[[87.091,20.758],[87.091,20.758]]],[[[86.871,20.772],[86.907,20.768],[86.944,20.767],[86.978,20.772],[87.004,20.747],[86.999,20.712],[86.964,20.715],[86.929,20.715],[86.898,20.698],[86.871,20.675],[86.885,20.707],[86.856,20.686],[86.846,20.653],[86.82,20.676],[86.82,20.641],[86.785,20.644],[86.798,20.677],[86.812,20.711],[86.824,20.744],[86.848,20.773],[86.871,20.772]]],[[[86.875,20.776],[86.875,20.776]]],[[[86.865,20.781],[86.865,20.781]]],[[[86.984,20.782],[86.984,20.782]]],[[[86.948,20.785],[86.948,20.785]]],[[[86.882,20.789],[86.917,20.782],[86.952,20.775],[86.916,20.774],[86.881,20.773],[86.882,20.789]]],[[[87.017,20.803],[87.017,20.803]]],[[[87.124,21.52],[87.124,21.52]]],[[[86.078,22.53],[86.098,22.496],[86.146,22.479],[86.197,22.468],[86.228,22.45],[86.265,22.44],[86.301,22.415],[86.32,22.38],[86.353,22.352],[86.391,22.325],[86.425,22.309],[86.458,22.322],[86.5,22.341],[86.525,22.312],[86.561,22.297],[86.591,22.275],[86.627,22.267],[86.648,22.236],[86.682,22.22],[86.721,22.217],[86.713,22.181],[86.715,22.143],[86.752,22.144],[86.787,22.154],[86.808,22.124],[86.832,22.095],[86.909,22.086],[86.944,22.082],[86.988,22.055],[87.025,22.033],[87.032,21.996],[87.015,21.953],[86.999,21.918],[87.017,21.887],[87.054,21.861],[87.095,21.86],[87.089,21.895],[87.113,21.921],[87.148,21.926],[87.161,21.962],[87.195,21.954],[87.235,21.954],[87.252,21.921],[87.247,21.872],[87.259,21.835],[87.274,21.802],[87.308,21.793],[87.344,21.786],[87.37,21.76],[87.412,21.764],[87.443,21.742],[87.471,21.707],[87.465,21.671],[87.478,21.632],[87.459,21.602],[87.431,21.58],[87.405,21.557],[87.369,21.551],[87.334,21.554],[87.296,21.555],[87.261,21.553],[87.225,21.549],[87.191,21.541],[87.158,21.528],[87.126,21.515],[87.098,21.493],[87.071,21.471],[87.041,21.452],[87.013,21.431],[86.984,21.411],[86.958,21.386],[86.935,21.36],[86.911,21.334],[86.889,21.306],[86.868,21.276],[86.851,21.246],[86.838,21.211],[86.82,21.181],[86.825,21.146],[86.833,21.112],[86.848,21.078],[86.866,21.047],[86.889,21.016],[86.903,20.984],[86.914,20.95],[86.931,20.918],[86.945,20.885],[86.962,20.855],[86.969,20.82],[86.958,20.785],[86.922,20.791],[86.886,20.795],[86.852,20.785],[86.822,20.766],[86.817,20.731],[86.797,20.701],[86.784,20.668],[86.766,20.637],[86.801,20.644],[86.816,20.676],[86.841,20.651],[86.872,20.669],[86.898,20.693],[86.929,20.709],[86.966,20.709],[87,20.7],[87.035,20.706],[87.007,20.683],[86.976,20.663],[86.947,20.644],[86.917,20.626],[86.887,20.606],[86.857,20.588],[86.827,20.566],[86.798,20.546],[86.776,20.519],[86.752,20.494],[86.736,20.461],[86.733,20.426],[86.753,20.398],[86.781,20.376],[86.775,20.342],[86.748,20.319],[86.716,20.303],[86.693,20.277],[86.664,20.255],[86.63,20.242],[86.598,20.226],[86.565,20.213],[86.533,20.197],[86.503,20.179],[86.472,20.161],[86.48,20.126],[86.499,20.156],[86.525,20.181],[86.555,20.2],[86.527,20.176],[86.507,20.147],[86.487,20.117],[86.463,20.087],[86.437,20.062],[86.416,20.034],[86.408,19.998],[86.38,19.978],[86.345,19.985],[86.332,20.017],[86.308,20.043],[86.276,20.059],[86.246,20.042],[86.272,20.018],[86.307,20.011],[86.326,19.981],[86.356,19.961],[86.325,19.944],[86.29,19.933],[86.257,19.916],[86.223,19.908],[86.192,19.889],[86.158,19.878],[86.124,19.868],[86.09,19.859],[86.055,19.854],[86.021,19.842],[85.986,19.836],[85.951,19.829],[85.917,19.822],[85.884,19.811],[85.85,19.802],[85.813,19.791],[85.78,19.78],[85.747,19.768],[85.713,19.756],[85.679,19.745],[85.647,19.729],[85.614,19.714],[85.583,19.698],[85.55,19.683],[85.516,19.667],[85.485,19.651],[85.453,19.637],[85.419,19.623],[85.387,19.606],[85.356,19.589],[85.326,19.571],[85.292,19.552],[85.263,19.531],[85.235,19.511],[85.205,19.49],[85.177,19.47],[85.146,19.448],[85.119,19.427],[85.094,19.399],[85.069,19.373],[85.04,19.352],[85.01,19.334],[84.98,19.315],[84.953,19.293],[84.925,19.272],[84.899,19.248],[84.873,19.225],[84.848,19.2],[84.825,19.174],[84.804,19.145],[84.783,19.117],[84.748,19.117],[84.714,19.128],[84.681,19.15],[84.657,19.121],[84.609,19.117],[84.62,19.077],[84.66,19.071],[84.63,19.05],[84.597,19.02],[84.578,19.062],[84.535,19.045],[84.503,19.029],[84.476,18.996],[84.437,18.997],[84.42,18.949],[84.429,18.914],[84.398,18.886],[84.355,18.883],[84.334,18.852],[84.344,18.812],[84.316,18.786],[84.279,18.79],[84.246,18.773],[84.204,18.783],[84.167,18.77],[84.131,18.765],[84.092,18.745],[84.06,18.763],[84.034,18.79],[84,18.805],[83.964,18.804],[83.926,18.807],[83.891,18.807],[83.864,18.839],[83.837,18.865],[83.84,18.904],[83.815,18.93],[83.811,18.965],[83.789,18.998],[83.754,18.993],[83.749,18.958],[83.777,18.919],[83.742,18.923],[83.73,18.96],[83.705,18.992],[83.684,19.044],[83.66,19.07],[83.648,19.106],[83.63,19.145],[83.594,19.12],[83.6,19.085],[83.581,19.055],[83.551,19.078],[83.543,19.037],[83.515,19.005],[83.51,19.04],[83.48,19.066],[83.477,19.026],[83.45,19.002],[83.461,18.968],[83.415,18.978],[83.385,18.997],[83.346,19.01],[83.316,18.99],[83.326,18.953],[83.329,18.917],[83.345,18.956],[83.38,18.923],[83.374,18.886],[83.404,18.866],[83.396,18.831],[83.36,18.832],[83.339,18.803],[83.304,18.799],[83.27,18.775],[83.229,18.764],[83.209,18.725],[83.181,18.748],[83.147,18.763],[83.112,18.758],[83.095,18.723],[83.071,18.697],[83.051,18.663],[83.012,18.639],[83.009,18.591],[83.049,18.595],[83.027,18.568],[83.051,18.535],[83.087,18.541],[83.069,18.502],[83.044,18.472],[83.016,18.448],[83.037,18.419],[83.064,18.396],[83.04,18.37],[83.003,18.377],[82.969,18.358],[82.933,18.351],[82.899,18.359],[82.891,18.399],[82.856,18.411],[82.824,18.43],[82.787,18.427],[82.787,18.39],[82.784,18.354],[82.758,18.327],[82.725,18.312],[82.69,18.297],[82.656,18.279],[82.648,18.245],[82.611,18.244],[82.583,18.267],[82.588,18.302],[82.597,18.341],[82.589,18.377],[82.556,18.389],[82.546,18.424],[82.52,18.451],[82.52,18.487],[82.481,18.515],[82.437,18.497],[82.412,18.465],[82.382,18.432],[82.375,18.393],[82.38,18.357],[82.35,18.329],[82.384,18.319],[82.372,18.274],[82.337,18.266],[82.33,18.231],[82.306,18.196],[82.333,18.163],[82.365,18.14],[82.33,18.119],[82.343,18.082],[82.336,18.047],[82.301,18.044],[82.265,18.043],[82.271,17.998],[82.238,17.984],[82.197,18.009],[82.164,18.042],[82.129,18.049],[82.092,18.053],[82.051,18.044],[82.017,18.055],[81.991,18.022],[81.964,18],[81.925,17.981],[81.885,17.966],[81.847,17.951],[81.801,17.936],[81.776,17.905],[81.726,17.874],[81.688,17.885],[81.653,17.868],[81.637,17.836],[81.6,17.815],[81.565,17.826],[81.526,17.811],[81.486,17.803],[81.438,17.815],[81.403,17.805],[81.397,17.844],[81.394,17.885],[81.43,17.875],[81.448,17.905],[81.455,17.947],[81.477,17.974],[81.478,18.02],[81.495,18.058],[81.509,18.092],[81.512,18.129],[81.515,18.172],[81.523,18.227],[81.539,18.262],[81.574,18.281],[81.606,18.299],[81.647,18.312],[81.681,18.341],[81.718,18.343],[81.756,18.386],[81.798,18.44],[81.829,18.469],[81.849,18.501],[81.879,18.526],[81.901,18.557],[81.936,18.558],[81.933,18.595],[81.9,18.62],[81.936,18.633],[81.961,18.668],[81.992,18.698],[82.034,18.719],[82.074,18.713],[82.087,18.747],[82.129,18.758],[82.159,18.788],[82.165,18.83],[82.163,18.866],[82.185,18.897],[82.225,18.909],[82.227,18.994],[82.194,19.06],[82.212,19.091],[82.176,19.125],[82.178,19.161],[82.158,19.193],[82.152,19.239],[82.155,19.275],[82.174,19.316],[82.15,19.344],[82.174,19.377],[82.183,19.412],[82.134,19.425],[82.107,19.453],[82.099,19.49],[82.071,19.516],[82.022,19.502],[82.043,19.532],[82.043,19.568],[82.045,19.611],[82.048,19.649],[82.038,19.693],[82.044,19.729],[82.059,19.775],[82.024,19.793],[81.987,19.792],[81.961,19.824],[81.939,19.865],[81.898,19.879],[81.858,19.9],[81.849,19.939],[81.85,19.983],[81.86,20.023],[81.889,20.043],[81.915,20.074],[81.941,20.102],[81.974,20.076],[81.996,20.048],[82.024,20.01],[82.049,20.035],[82.089,20.035],[82.116,20.01],[82.156,20.002],[82.184,19.981],[82.219,19.993],[82.253,19.976],[82.269,19.945],[82.295,19.899],[82.318,19.859],[82.339,19.83],[82.368,19.854],[82.397,19.885],[82.432,19.899],[82.468,19.899],[82.502,19.882],[82.544,19.869],[82.591,19.866],[82.574,19.832],[82.579,19.797],[82.619,19.786],[82.642,19.814],[82.683,19.824],[82.711,19.849],[82.703,19.886],[82.706,19.927],[82.711,19.983],[82.65,19.999],[82.614,19.987],[82.579,19.996],[82.544,20.012],[82.502,20.014],[82.471,20.032],[82.432,20.039],[82.396,20.049],[82.395,20.089],[82.388,20.127],[82.39,20.167],[82.414,20.202],[82.404,20.24],[82.421,20.273],[82.422,20.31],[82.394,20.336],[82.41,20.377],[82.424,20.41],[82.419,20.446],[82.39,20.465],[82.381,20.502],[82.349,20.523],[82.324,20.554],[82.338,20.591],[82.366,20.62],[82.366,20.661],[82.346,20.695],[82.34,20.747],[82.339,20.79],[82.336,20.828],[82.341,20.868],[82.377,20.867],[82.407,20.848],[82.439,20.827],[82.478,20.847],[82.483,20.9],[82.513,20.917],[82.546,20.935],[82.567,20.967],[82.595,20.997],[82.622,21.037],[82.609,21.071],[82.643,21.098],[82.634,21.136],[82.685,21.158],[82.721,21.159],[82.758,21.159],[82.789,21.139],[82.84,21.163],[82.873,21.151],[82.908,21.16],[82.949,21.17],[82.983,21.148],[83.019,21.138],[83.051,21.117],[83.089,21.107],[83.134,21.105],[83.161,21.131],[83.194,21.158],[83.211,21.191],[83.215,21.24],[83.242,21.276],[83.275,21.291],[83.254,21.32],[83.271,21.359],[83.31,21.365],[83.375,21.34],[83.396,21.369],[83.381,21.41],[83.361,21.442],[83.342,21.474],[83.349,21.516],[83.366,21.55],[83.368,21.597],[83.395,21.624],[83.427,21.644],[83.45,21.617],[83.485,21.626],[83.441,21.655],[83.421,21.687],[83.456,21.694],[83.478,21.728],[83.478,21.765],[83.485,21.803],[83.522,21.794],[83.531,21.832],[83.574,21.83],[83.572,21.872],[83.593,21.901],[83.553,21.932],[83.535,21.964],[83.547,21.998],[83.532,22.034],[83.566,22.057],[83.6,22.066],[83.574,22.089],[83.593,22.14],[83.612,22.177],[83.646,22.225],[83.679,22.241],[83.719,22.243],[83.757,22.25],[83.789,22.28],[83.821,22.296],[83.843,22.326],[83.897,22.34],[83.93,22.356],[83.967,22.358],[84.001,22.37],[84.014,22.404],[84.04,22.433],[84.039,22.469],[83.997,22.491],[83.98,22.522],[84.016,22.522],[84.051,22.512],[84.079,22.489],[84.118,22.471],[84.136,22.421],[84.175,22.389],[84.226,22.374],[84.261,22.354],[84.315,22.339],[84.353,22.345],[84.394,22.344],[84.431,22.36],[84.473,22.383],[84.502,22.415],[84.541,22.421],[84.589,22.425],[84.626,22.428],[84.662,22.414],[84.711,22.414],[84.753,22.442],[84.791,22.443],[84.828,22.429],[84.864,22.435],[84.908,22.42],[84.941,22.447],[84.978,22.451],[85.022,22.467],[85.062,22.478],[85.058,22.44],[85.077,22.408],[85.078,22.369],[85.09,22.325],[85.114,22.29],[85.071,22.272],[85.069,22.231],[85.047,22.186],[85.025,22.154],[85.024,22.118],[84.994,22.098],[85.031,22.102],[85.069,22.107],[85.1,22.085],[85.135,22.071],[85.167,22.049],[85.211,22.043],[85.218,22.007],[85.256,22.042],[85.274,22.08],[85.3,22.107],[85.339,22.125],[85.363,22.155],[85.402,22.157],[85.436,22.144],[85.472,22.124],[85.506,22.111],[85.537,22.09],[85.582,22.081],[85.62,22.078],[85.655,22.078],[85.682,22.049],[85.718,22.058],[85.75,22.074],[85.784,22.099],[85.819,22.09],[85.785,22.072],[85.779,22.036],[85.756,22.008],[85.781,21.981],[85.816,21.975],[85.871,21.975],[85.905,21.967],[85.912,22.005],[85.945,22.023],[85.963,22.054],[85.989,22.093],[85.995,22.132],[86.013,22.164],[86.017,22.199],[85.985,22.224],[85.985,22.267],[86.016,22.297],[86.014,22.335],[86.016,22.373],[86.012,22.415],[85.967,22.441],[85.958,22.476],[85.981,22.51],[86.015,22.524],[86.038,22.564],[86.069,22.543],[86.078,22.53]]]]}},{"type":"Feature","id":27,"properties":{"id":27,"name":"Puducherry","type":"Union Territor"},"geometry":{"type":"MultiPolygon","coordinates":[[[[79.845,10.827],[79.845,10.827]]],[[[79.748,10.982],[79.783,10.967],[79.814,10.987],[79.851,10.976],[79.853,10.939],[79.853,10.902],[79.852,10.867],[79.853,10.831],[79.82,10.811],[79.793,10.839],[79.785,10.874],[79.749,10.889],[79.721,10.911],[79.703,10.946],[79.74,10.944],[79.73,10.981],[79.748,10.982]]],[[[79.69,12.001],[79.717,11.975],[79.753,11.979],[79.718,11.969],[79.734,11.937],[79.769,11.941],[79.798,11.964],[79.825,11.94],[79.818,11.904],[79.793,11.88],[79.812,11.85],[79.802,11.815],[79.767,11.84],[79.728,11.832],[79.698,11.852],[79.659,11.866],[79.683,11.905],[79.704,11.875],[79.704,11.913],[79.678,11.939],[79.699,11.97],[79.661,11.973],[79.669,12.007],[79.69,12.001]]],[[[75.375,12.149],[75.363,12.116],[75.33,12.103],[75.299,12.067],[75.3,12.032],[75.266,12.023],[75.279,11.99],[75.298,11.96],[75.27,11.982],[75.248,12.009],[75.227,12.044],[75.222,12.086],[75.256,12.109],[75.293,12.116],[75.321,12.144],[75.364,12.135],[75.375,12.149]]],[[[82.266,16.703],[82.266,16.703]]],[[[82.211,16.728],[82.245,16.719],[82.281,16.723],[82.246,16.717],[82.203,16.708],[82.207,16.744],[82.211,16.728]]]]}},{"type":"Feature","id":28,"properties":{"id":28,"name":"Punjab","type":"State"},"geometry":{"type":"Polygon","coordinates":[[[75.869,32.489],[75.895,32.462],[75.924,32.439],[75.872,32.398],[75.837,32.373],[75.799,32.337],[75.763,32.302],[75.736,32.274],[75.685,32.265],[75.641,32.247],[75.618,32.197],[75.65,32.18],[75.648,32.138],[75.611,32.1],[75.579,32.082],[75.625,32.073],[75.673,32.067],[75.7,32.044],[75.738,32.036],[75.766,32.008],[75.806,31.985],[75.842,31.974],[75.878,31.962],[75.903,31.928],[75.926,31.89],[75.944,31.858],[75.968,31.824],[75.933,31.815],[75.945,31.781],[75.96,31.744],[75.977,31.705],[75.997,31.676],[76.018,31.622],[76.043,31.596],[76.065,31.562],[76.089,31.528],[76.108,31.495],[76.121,31.461],[76.143,31.432],[76.153,31.397],[76.135,31.362],[76.166,31.341],[76.173,31.307],[76.215,31.308],[76.256,31.315],[76.296,31.319],[76.318,31.352],[76.319,31.388],[76.353,31.412],[76.39,31.397],[76.409,31.354],[76.437,31.317],[76.431,31.283],[76.462,31.307],[76.489,31.273],[76.528,31.27],[76.571,31.28],[76.602,31.251],[76.576,31.226],[76.616,31.229],[76.601,31.191],[76.59,31.157],[76.607,31.12],[76.608,31.084],[76.602,31.044],[76.61,31.004],[76.653,30.982],[76.694,30.972],[76.724,30.951],[76.749,30.924],[76.769,30.877],[76.801,30.843],[76.832,30.825],[76.847,30.793],[76.812,30.767],[76.776,30.776],[76.746,30.795],[76.718,30.769],[76.691,30.747],[76.718,30.721],[76.738,30.689],[76.789,30.671],[76.824,30.66],[76.862,30.679],[76.859,30.641],[76.895,30.623],[76.899,30.588],[76.902,30.551],[76.92,30.518],[76.894,30.49],[76.891,30.451],[76.904,30.418],[76.93,30.393],[76.903,30.368],[76.874,30.391],[76.847,30.415],[76.808,30.412],[76.771,30.418],[76.725,30.42],[76.7,30.394],[76.73,30.367],[76.715,30.333],[76.679,30.321],[76.651,30.299],[76.614,30.275],[76.558,30.264],[76.533,30.232],[76.569,30.251],[76.609,30.235],[76.639,30.206],[76.623,30.17],[76.629,30.135],[76.619,30.095],[76.588,30.078],[76.555,30.099],[76.509,30.08],[76.462,30.099],[76.446,30.137],[76.422,30.164],[76.41,30.202],[76.383,30.179],[76.388,30.138],[76.348,30.151],[76.338,30.116],[76.293,30.119],[76.251,30.119],[76.223,30.143],[76.231,30.109],[76.225,30.074],[76.204,30.045],[76.19,30.012],[76.199,29.973],[76.17,29.937],[76.183,29.894],[76.217,29.884],[76.211,29.843],[76.167,29.818],[76.132,29.812],[76.094,29.812],[76.074,29.781],[76.041,29.749],[76.004,29.751],[75.973,29.732],[75.937,29.733],[75.903,29.746],[75.864,29.752],[75.841,29.781],[75.82,29.815],[75.783,29.815],[75.733,29.811],[75.697,29.755],[75.666,29.773],[75.625,29.773],[75.6,29.747],[75.563,29.744],[75.53,29.773],[75.444,29.808],[75.42,29.774],[75.391,29.739],[75.362,29.713],[75.334,29.688],[75.312,29.649],[75.288,29.62],[75.305,29.588],[75.275,29.561],[75.238,29.552],[75.211,29.582],[75.199,29.623],[75.173,29.649],[75.189,29.681],[75.194,29.725],[75.231,29.752],[75.212,29.787],[75.203,29.821],[75.167,29.825],[75.15,29.792],[75.102,29.803],[75.104,29.838],[75.104,29.873],[75.09,29.912],[75.065,29.879],[75.023,29.873],[74.99,29.856],[74.97,29.89],[74.936,29.915],[74.916,29.949],[74.881,29.968],[74.837,29.964],[74.809,29.99],[74.776,29.974],[74.737,29.969],[74.697,29.971],[74.666,29.942],[74.639,29.914],[74.586,29.915],[74.552,29.929],[74.525,29.952],[74.467,29.945],[74.428,29.95],[74.372,29.95],[74.322,29.954],[74.279,29.955],[74.241,29.956],[74.186,29.96],[74.083,29.967],[74.003,29.97],[73.957,29.97],[73.891,29.97],[73.882,30.011],[73.895,30.047],[73.932,30.084],[73.958,30.12],[73.963,30.172],[73.965,30.224],[73.958,30.262],[73.937,30.296],[73.916,30.325],[73.886,30.354],[73.88,30.391],[73.92,30.42],[73.932,30.458],[73.968,30.476],[74,30.511],[74.029,30.532],[74.067,30.52],[74.069,30.556],[74.092,30.588],[74.117,30.623],[74.151,30.633],[74.179,30.656],[74.208,30.688],[74.232,30.72],[74.268,30.731],[74.262,30.768],[74.296,30.782],[74.302,30.816],[74.32,30.85],[74.359,30.846],[74.366,30.885],[74.413,30.906],[74.446,30.949],[74.485,30.97],[74.523,30.989],[74.538,31.032],[74.558,31.068],[74.592,31.052],[74.634,31.053],[74.672,31.062],[74.691,31.092],[74.679,31.129],[74.64,31.13],[74.601,31.135],[74.598,31.1],[74.566,31.084],[74.544,31.112],[74.506,31.136],[74.504,31.171],[74.513,31.207],[74.52,31.242],[74.516,31.278],[74.552,31.298],[74.568,31.335],[74.595,31.397],[74.624,31.423],[74.641,31.456],[74.624,31.487],[74.59,31.498],[74.603,31.533],[74.6,31.57],[74.586,31.606],[74.563,31.649],[74.541,31.681],[74.52,31.718],[74.536,31.751],[74.555,31.79],[74.556,31.828],[74.582,31.855],[74.6,31.886],[74.636,31.894],[74.662,31.919],[74.703,31.925],[74.718,31.958],[74.752,31.948],[74.788,31.957],[74.82,31.976],[74.838,32.007],[74.868,32.031],[74.898,32.05],[74.939,32.062],[74.968,32.042],[75.003,32.029],[75.046,32.039],[75.074,32.06],[75.108,32.075],[75.144,32.083],[75.181,32.082],[75.193,32.115],[75.224,32.091],[75.272,32.113],[75.288,32.144],[75.318,32.171],[75.333,32.205],[75.36,32.232],[75.367,32.269],[75.336,32.296],[75.33,32.332],[75.373,32.331],[75.415,32.324],[75.452,32.332],[75.48,32.31],[75.495,32.277],[75.524,32.34],[75.557,32.367],[75.593,32.382],[75.637,32.387],[75.685,32.401],[75.715,32.424],[75.735,32.455],[75.772,32.475],[75.816,32.499],[75.838,32.538],[75.872,32.575],[75.856,32.538],[75.855,32.5],[75.869,32.489]]]}},{"type":"Feature","id":29,"properties":{"id":29,"name":"Rajasthan","type":"State"},"geometry":{"type":"Polygon","coordinates":[[[73.889,29.978],[73.933,29.971],[73.976,29.969],[74.069,29.969],[74.154,29.963],[74.213,29.96],[74.252,29.955],[74.29,29.956],[74.356,29.95],[74.404,29.947],[74.442,29.947],[74.519,29.943],[74.505,29.908],[74.543,29.889],[74.533,29.839],[74.492,29.827],[74.465,29.788],[74.472,29.744],[74.512,29.741],[74.549,29.755],[74.587,29.769],[74.603,29.721],[74.591,29.683],[74.582,29.644],[74.57,29.586],[74.582,29.548],[74.614,29.527],[74.593,29.492],[74.579,29.459],[74.543,29.467],[74.531,29.425],[74.564,29.411],[74.58,29.379],[74.596,29.328],[74.642,29.331],[74.65,29.372],[74.689,29.365],[74.732,29.354],[74.776,29.36],[74.81,29.398],[74.85,29.403],[74.888,29.387],[74.922,29.366],[74.946,29.333],[74.943,29.295],[74.977,29.281],[75.024,29.292],[75.051,29.269],[75.078,29.232],[75.114,29.243],[75.161,29.254],[75.195,29.244],[75.235,29.252],[75.272,29.254],[75.3,29.282],[75.323,29.252],[75.372,29.26],[75.386,29.221],[75.401,29.189],[75.369,29.17],[75.385,29.134],[75.383,29.095],[75.43,29.065],[75.433,29.022],[75.473,29.02],[75.511,29.011],[75.517,28.975],[75.498,28.941],[75.485,28.902],[75.488,28.86],[75.509,28.815],[75.516,28.772],[75.531,28.733],[75.535,28.688],[75.54,28.649],[75.556,28.615],[75.609,28.606],[75.625,28.559],[75.663,28.536],[75.69,28.499],[75.737,28.487],[75.778,28.458],[75.765,28.421],[75.803,28.414],[75.835,28.398],[75.872,28.391],[75.905,28.376],[75.927,28.345],[75.955,28.319],[75.987,28.296],[76.019,28.281],[76.011,28.242],[76.053,28.224],[76.072,28.179],[76.092,28.146],[76.061,28.17],[76.016,28.161],[75.994,28.131],[75.957,28.116],[75.977,28.084],[76.012,28.076],[76.01,28.037],[75.974,28.037],[75.989,28.004],[75.955,27.994],[75.973,27.958],[75.939,27.951],[75.929,27.917],[75.968,27.915],[75.973,27.877],[76.005,27.857],[76.044,27.849],[76.08,27.851],[76.122,27.854],[76.153,27.821],[76.19,27.827],[76.223,27.841],[76.193,27.864],[76.199,27.899],[76.166,27.915],[76.177,27.955],[76.162,27.988],[76.174,28.022],[76.214,28.032],[76.177,28.049],[76.226,28.055],[76.265,28.069],[76.288,28.042],[76.317,28.021],[76.346,28.046],[76.331,28.082],[76.297,28.101],[76.34,28.11],[76.323,28.149],[76.278,28.169],[76.326,28.177],[76.357,28.148],[76.393,28.141],[76.431,28.148],[76.471,28.155],[76.487,28.123],[76.454,28.106],[76.486,28.075],[76.454,28.055],[76.492,28.047],[76.531,28.043],[76.538,28.008],[76.538,27.971],[76.574,27.989],[76.604,28.011],[76.647,28.013],[76.652,28.055],[76.648,28.092],[76.686,28.107],[76.71,28.132],[76.755,28.147],[76.791,28.157],[76.79,28.194],[76.819,28.215],[76.854,28.225],[76.887,28.21],[76.912,28.172],[76.941,28.151],[76.956,28.112],[76.947,28.071],[76.931,28.031],[76.919,27.998],[76.92,27.953],[76.939,27.919],[76.925,27.877],[76.927,27.834],[76.903,27.801],[76.891,27.761],[76.883,27.724],[76.915,27.701],[76.9,27.668],[76.938,27.674],[76.97,27.657],[76.976,27.693],[76.987,27.729],[77.025,27.747],[77.059,27.731],[77.047,27.768],[77.024,27.798],[77.065,27.813],[77.094,27.79],[77.127,27.776],[77.154,27.802],[77.189,27.798],[77.227,27.796],[77.262,27.816],[77.295,27.8],[77.303,27.765],[77.296,27.73],[77.331,27.711],[77.337,27.676],[77.332,27.638],[77.326,27.597],[77.334,27.555],[77.352,27.52],[77.39,27.505],[77.411,27.473],[77.415,27.425],[77.436,27.397],[77.476,27.388],[77.508,27.373],[77.539,27.353],[77.573,27.33],[77.608,27.342],[77.6,27.305],[77.609,27.265],[77.639,27.247],[77.655,27.212],[77.655,27.176],[77.615,27.175],[77.592,27.145],[77.556,27.116],[77.521,27.106],[77.514,27.07],[77.554,27.077],[77.557,27.037],[77.594,27.031],[77.627,27.016],[77.663,27.03],[77.696,27.016],[77.736,27.034],[77.748,26.999],[77.71,26.988],[77.67,26.977],[77.605,26.946],[77.557,26.926],[77.519,26.915],[77.482,26.904],[77.456,26.88],[77.422,26.867],[77.427,26.832],[77.432,26.792],[77.464,26.77],[77.487,26.801],[77.497,26.838],[77.536,26.825],[77.572,26.832],[77.609,26.835],[77.657,26.856],[77.686,26.878],[77.721,26.893],[77.741,26.927],[77.781,26.928],[77.821,26.926],[77.871,26.906],[77.907,26.924],[77.938,26.902],[77.975,26.898],[78.014,26.908],[78.028,26.876],[78.042,26.915],[78.087,26.902],[78.113,26.927],[78.134,26.957],[78.174,26.949],[78.208,26.94],[78.247,26.931],[78.232,26.895],[78.201,26.879],[78.212,26.838],[78.173,26.833],[78.18,26.797],[78.146,26.792],[78.106,26.801],[78.111,26.762],[78.087,26.732],[78.088,26.687],[78.049,26.69],[78.012,26.7],[77.976,26.683],[77.94,26.663],[77.904,26.666],[77.889,26.633],[77.851,26.616],[77.818,26.594],[77.813,26.555],[77.767,26.553],[77.731,26.53],[77.695,26.501],[77.655,26.497],[77.62,26.477],[77.579,26.451],[77.547,26.436],[77.506,26.413],[77.459,26.411],[77.426,26.396],[77.402,26.369],[77.366,26.372],[77.329,26.348],[77.308,26.315],[77.267,26.276],[77.208,26.244],[77.17,26.245],[77.13,26.24],[77.105,26.209],[77.069,26.185],[77.024,26.176],[76.996,26.148],[76.969,26.124],[76.929,26.103],[76.888,26.093],[76.87,26.056],[76.838,26.036],[76.83,25.996],[76.806,25.953],[76.761,25.943],[76.745,25.909],[76.705,25.903],[76.657,25.911],[76.632,25.875],[76.593,25.874],[76.567,25.84],[76.535,25.809],[76.523,25.774],[76.531,25.734],[76.482,25.718],[76.489,25.683],[76.499,25.648],[76.516,25.607],[76.512,25.572],[76.52,25.53],[76.542,25.497],[76.561,25.45],[76.599,25.405],[76.623,25.377],[76.658,25.361],[76.703,25.348],[76.74,25.348],[76.77,25.312],[76.822,25.327],[76.867,25.325],[76.905,25.318],[76.933,25.287],[76.993,25.302],[77.034,25.312],[77.068,25.33],[77.108,25.335],[77.149,25.315],[77.191,25.312],[77.217,25.337],[77.22,25.373],[77.25,25.395],[77.283,25.424],[77.317,25.433],[77.354,25.424],[77.344,25.388],[77.344,25.337],[77.374,25.315],[77.36,25.28],[77.38,25.245],[77.41,25.212],[77.391,25.18],[77.387,25.138],[77.369,25.109],[77.332,25.097],[77.296,25.087],[77.262,25.119],[77.221,25.11],[77.183,25.112],[77.14,25.091],[77.102,25.069],[77.068,25.06],[77.029,25.072],[76.994,25.08],[76.961,25.054],[76.918,25.04],[76.882,25.034],[76.854,25.01],[76.866,24.972],[76.893,24.935],[76.924,24.914],[76.936,24.879],[76.915,24.849],[76.878,24.84],[76.842,24.84],[76.802,24.827],[76.826,24.793],[76.847,24.765],[76.887,24.754],[76.922,24.749],[76.956,24.764],[76.972,24.732],[77.004,24.714],[77.035,24.689],[77.054,24.654],[77.061,24.611],[77.065,24.57],[77.051,24.537],[77.024,24.501],[76.998,24.475],[76.965,24.461],[76.931,24.477],[76.915,24.511],[76.902,24.548],[76.866,24.549],[76.831,24.543],[76.835,24.498],[76.849,24.464],[76.849,24.425],[76.85,24.389],[76.838,24.355],[76.859,24.312],[76.87,24.277],[76.897,24.247],[76.923,24.217],[76.911,24.177],[76.9,24.131],[76.856,24.139],[76.822,24.127],[76.776,24.153],[76.736,24.172],[76.695,24.176],[76.677,24.211],[76.695,24.242],[76.695,24.282],[76.658,24.268],[76.616,24.263],[76.597,24.23],[76.567,24.207],[76.555,24.168],[76.517,24.167],[76.505,24.205],[76.475,24.229],[76.436,24.225],[76.4,24.223],[76.365,24.241],[76.327,24.254],[76.294,24.241],[76.252,24.225],[76.216,24.217],[76.204,24.251],[76.195,24.285],[76.194,24.321],[76.169,24.296],[76.146,24.266],[76.147,24.228],[76.121,24.196],[76.13,24.154],[76.13,24.112],[76.099,24.089],[76.064,24.078],[76.027,24.05],[75.995,24.032],[75.959,24.01],[75.978,23.98],[75.981,23.943],[75.948,23.922],[75.905,23.896],[75.867,23.894],[75.83,23.885],[75.794,23.874],[75.762,23.857],[75.75,23.89],[75.715,23.902],[75.718,23.865],[75.722,23.827],[75.687,23.819],[75.697,23.785],[75.659,23.789],[75.626,23.8],[75.583,23.8],[75.556,23.826],[75.557,23.863],[75.517,23.889],[75.487,23.911],[75.456,23.932],[75.462,23.968],[75.486,23.998],[75.514,24.049],[75.543,24.026],[75.568,24.001],[75.604,23.996],[75.639,24.005],[75.669,24.034],[75.685,24.002],[75.7,23.969],[75.736,23.981],[75.764,24.002],[75.78,24.036],[75.807,24.068],[75.833,24.096],[75.802,24.118],[75.773,24.139],[75.758,24.175],[75.774,24.221],[75.808,24.241],[75.813,24.277],[75.803,24.312],[75.765,24.311],[75.738,24.348],[75.74,24.389],[75.756,24.421],[75.776,24.454],[75.815,24.465],[75.824,24.431],[75.861,24.423],[75.899,24.442],[75.908,24.478],[75.891,24.51],[75.922,24.527],[75.906,24.561],[75.876,24.591],[75.845,24.61],[75.849,24.653],[75.834,24.686],[75.839,24.73],[75.805,24.756],[75.76,24.765],[75.723,24.75],[75.68,24.728],[75.634,24.691],[75.582,24.723],[75.541,24.717],[75.506,24.709],[75.452,24.693],[75.396,24.705],[75.351,24.717],[75.304,24.721],[75.267,24.733],[75.228,24.735],[75.198,24.757],[75.204,24.792],[75.237,24.82],[75.226,24.855],[75.201,24.884],[75.236,24.899],[75.227,24.859],[75.271,24.856],[75.298,24.826],[75.337,24.834],[75.4,24.855],[75.424,24.893],[75.372,24.878],[75.335,24.887],[75.299,24.87],[75.265,24.888],[75.282,24.923],[75.27,24.956],[75.303,24.943],[75.312,24.9],[75.325,24.938],[75.331,24.976],[75.322,25.013],[75.354,25.037],[75.31,25.046],[75.266,25.043],[75.227,25.039],[75.192,25.038],[75.156,25.035],[75.164,24.992],[75.12,24.976],[75.119,24.918],[75.09,24.88],[75.051,24.865],[75.015,24.87],[74.977,24.877],[74.946,24.894],[74.907,24.907],[74.89,24.941],[74.862,24.963],[74.826,24.952],[74.824,24.915],[74.84,24.881],[74.856,24.847],[74.838,24.808],[74.878,24.813],[74.91,24.788],[74.946,24.792],[74.99,24.794],[75.02,24.774],[74.992,24.744],[75,24.708],[74.964,24.7],[74.943,24.669],[74.909,24.662],[74.873,24.669],[74.859,24.702],[74.835,24.732],[74.819,24.765],[74.799,24.796],[74.803,24.755],[74.788,24.722],[74.775,24.688],[74.813,24.686],[74.795,24.655],[74.787,24.618],[74.756,24.601],[74.757,24.564],[74.729,24.535],[74.751,24.492],[74.792,24.493],[74.825,24.479],[74.858,24.467],[74.835,24.43],[74.805,24.395],[74.782,24.358],[74.783,24.319],[74.753,24.289],[74.79,24.272],[74.826,24.273],[74.863,24.274],[74.897,24.249],[74.88,24.216],[74.898,24.182],[74.928,24.157],[74.939,24.121],[74.962,24.09],[74.981,24.041],[74.972,24.004],[74.941,23.961],[74.924,23.929],[74.911,23.889],[74.91,23.852],[74.912,23.813],[74.938,23.777],[74.941,23.735],[74.923,23.697],[74.928,23.653],[74.906,23.623],[74.879,23.596],[74.851,23.557],[74.819,23.541],[74.774,23.543],[74.742,23.519],[74.701,23.504],[74.669,23.484],[74.636,23.464],[74.598,23.43],[74.572,23.383],[74.544,23.359],[74.52,23.332],[74.544,23.3],[74.587,23.284],[74.622,23.281],[74.652,23.261],[74.701,23.272],[74.722,23.243],[74.746,23.215],[74.716,23.195],[74.669,23.201],[74.642,23.173],[74.614,23.148],[74.58,23.14],[74.546,23.132],[74.523,23.099],[74.467,23.085],[74.433,23.106],[74.391,23.112],[74.361,23.09],[74.323,23.063],[74.287,23.092],[74.28,23.13],[74.267,23.166],[74.229,23.184],[74.194,23.179],[74.165,23.156],[74.136,23.178],[74.134,23.215],[74.136,23.265],[74.107,23.294],[74.049,23.295],[74.033,23.332],[73.991,23.338],[73.971,23.377],[73.944,23.354],[73.901,23.336],[73.879,23.368],[73.857,23.405],[73.837,23.44],[73.794,23.436],[73.765,23.459],[73.734,23.425],[73.704,23.456],[73.669,23.452],[73.633,23.452],[73.644,23.497],[73.637,23.531],[73.643,23.57],[73.65,23.608],[73.633,23.639],[73.577,23.655],[73.541,23.623],[73.506,23.629],[73.511,23.673],[73.486,23.705],[73.463,23.734],[73.432,23.762],[73.4,23.784],[73.363,23.787],[73.373,23.822],[73.36,23.855],[73.377,23.889],[73.402,23.918],[73.419,23.954],[73.414,23.988],[73.411,24.025],[73.404,24.065],[73.375,24.087],[73.373,24.128],[73.335,24.115],[73.332,24.074],[73.298,24.037],[73.264,24.02],[73.229,24.028],[73.199,24.051],[73.217,24.085],[73.187,24.108],[73.147,24.123],[73.114,24.139],[73.091,24.175],[73.092,24.221],[73.11,24.254],[73.139,24.28],[73.173,24.301],[73.187,24.335],[73.226,24.356],[73.19,24.356],[73.155,24.356],[73.119,24.376],[73.085,24.394],[73.108,24.426],[73.099,24.473],[73.057,24.473],[73.022,24.465],[72.981,24.451],[72.979,24.406],[72.992,24.368],[72.962,24.349],[72.929,24.333],[72.884,24.361],[72.839,24.365],[72.793,24.36],[72.749,24.358],[72.717,24.376],[72.693,24.419],[72.697,24.457],[72.659,24.456],[72.604,24.469],[72.574,24.488],[72.545,24.507],[72.519,24.473],[72.504,24.431],[72.465,24.407],[72.446,24.448],[72.446,24.488],[72.398,24.5],[72.371,24.529],[72.343,24.555],[72.302,24.541],[72.251,24.58],[72.293,24.597],[72.342,24.594],[72.309,24.612],[72.275,24.622],[72.234,24.631],[72.201,24.616],[72.165,24.615],[72.135,24.634],[72.091,24.649],[72.085,24.697],[72.041,24.695],[72.001,24.683],[71.983,24.651],[71.951,24.633],[71.917,24.651],[71.881,24.676],[71.868,24.63],[71.821,24.617],[71.815,24.655],[71.758,24.66],[71.716,24.654],[71.67,24.637],[71.641,24.656],[71.605,24.666],[71.568,24.674],[71.527,24.677],[71.488,24.674],[71.451,24.659],[71.422,24.638],[71.388,24.624],[71.357,24.654],[71.322,24.64],[71.298,24.608],[71.261,24.621],[71.207,24.64],[71.172,24.649],[71.119,24.669],[71.087,24.698],[71.063,24.739],[71.035,24.799],[71.012,24.836],[70.99,24.872],[70.962,24.908],[70.933,24.973],[70.915,25.042],[70.905,25.095],[70.894,25.144],[70.861,25.176],[70.809,25.224],[70.766,25.265],[70.744,25.321],[70.706,25.36],[70.679,25.385],[70.68,25.447],[70.685,25.49],[70.676,25.524],[70.677,25.589],[70.68,25.633],[70.676,25.68],[70.649,25.706],[70.602,25.703],[70.566,25.686],[70.49,25.676],[70.425,25.67],[70.375,25.668],[70.285,25.699],[70.261,25.742],[70.236,25.775],[70.207,25.802],[70.171,25.832],[70.145,25.869],[70.107,25.924],[70.091,25.965],[70.087,26.031],[70.083,26.074],[70.126,26.139],[70.159,26.194],[70.173,26.245],[70.165,26.291],[70.178,26.35],[70.178,26.404],[70.181,26.47],[70.179,26.514],[70.168,26.551],[70.139,26.574],[70.107,26.59],[70.066,26.599],[70.025,26.599],[69.955,26.587],[69.918,26.583],[69.879,26.581],[69.832,26.588],[69.795,26.6],[69.743,26.638],[69.699,26.665],[69.608,26.7],[69.575,26.716],[69.522,26.736],[69.488,26.794],[69.496,26.872],[69.504,26.943],[69.513,27.014],[69.537,27.069],[69.557,27.117],[69.578,27.165],[69.604,27.193],[69.666,27.251],[69.699,27.278],[69.794,27.346],[69.833,27.379],[69.862,27.403],[69.908,27.46],[69.936,27.502],[70,27.545],[70.051,27.635],[70.083,27.708],[70.108,27.767],[70.157,27.834],[70.207,27.885],[70.281,27.93],[70.322,27.965],[70.366,28.008],[70.409,28.017],[70.46,28.03],[70.51,28.036],[70.563,28.02],[70.599,27.988],[70.628,27.961],[70.661,27.931],[70.673,27.87],[70.688,27.822],[70.714,27.78],[70.738,27.742],[70.767,27.715],[70.819,27.704],[70.858,27.702],[70.898,27.7],[70.95,27.719],[70.984,27.734],[71.034,27.757],[71.07,27.768],[71.125,27.792],[71.174,27.812],[71.209,27.824],[71.243,27.833],[71.326,27.852],[71.381,27.862],[71.419,27.864],[71.5,27.866],[71.549,27.866],[71.587,27.87],[71.644,27.869],[71.681,27.877],[71.72,27.892],[71.76,27.907],[71.826,27.93],[71.893,27.955],[71.905,27.997],[71.913,28.035],[71.92,28.076],[71.928,28.115],[71.953,28.153],[71.996,28.207],[72.025,28.231],[72.066,28.261],[72.098,28.283],[72.136,28.315],[72.184,28.358],[72.204,28.388],[72.236,28.475],[72.249,28.511],[72.28,28.601],[72.302,28.665],[72.326,28.699],[72.366,28.742],[72.39,28.768],[72.431,28.789],[72.468,28.803],[72.504,28.82],[72.544,28.844],[72.588,28.866],[72.644,28.899],[72.675,28.916],[72.711,28.935],[72.786,28.965],[72.844,28.988],[72.888,29.004],[72.928,29.02],[72.954,29.053],[72.976,29.099],[73,29.147],[73.024,29.174],[73.055,29.207],[73.078,29.233],[73.098,29.266],[73.137,29.329],[73.157,29.368],[73.191,29.429],[73.222,29.479],[73.243,29.512],[73.263,29.543],[73.284,29.598],[73.298,29.634],[73.312,29.686],[73.325,29.728],[73.34,29.769],[73.35,29.805],[73.366,29.853],[73.385,29.926],[73.413,29.949],[73.467,29.969],[73.533,29.994],[73.58,30.012],[73.653,30.031],[73.709,30.047],[73.754,30.057],[73.794,30.07],[73.838,30.109],[73.873,30.132],[73.904,30.155],[73.958,30.186],[73.961,30.143],[73.95,30.11],[73.918,30.068],[73.893,30.039],[73.881,29.996],[73.889,29.978]]]}},{"type":"Feature","id":30,"properties":{"id":30,"name":"Sikkim","type":"State"},"geometry":{"type":"Polygon","coordinates":[[[88.645,28.099],[88.673,28.073],[88.714,28.076],[88.751,28.073],[88.782,28.051],[88.808,28.025],[88.835,28],[88.84,27.965],[88.842,27.93],[88.87,27.902],[88.882,27.868],[88.876,27.833],[88.857,27.799],[88.854,27.76],[88.852,27.724],[88.844,27.689],[88.834,27.653],[88.808,27.619],[88.789,27.588],[88.773,27.545],[88.786,27.511],[88.781,27.473],[88.794,27.437],[88.81,27.405],[88.838,27.379],[88.879,27.364],[88.896,27.333],[88.909,27.301],[88.883,27.269],[88.847,27.262],[88.812,27.252],[88.799,27.216],[88.785,27.182],[88.76,27.155],[88.725,27.139],[88.702,27.174],[88.66,27.162],[88.619,27.188],[88.566,27.188],[88.529,27.178],[88.516,27.144],[88.481,27.123],[88.454,27.09],[88.411,27.091],[88.371,27.099],[88.332,27.108],[88.3,27.128],[88.263,27.127],[88.227,27.121],[88.189,27.134],[88.158,27.114],[88.123,27.124],[88.089,27.139],[88.073,27.174],[88.062,27.211],[88.024,27.221],[88.033,27.263],[88.044,27.301],[88.066,27.334],[88.044,27.371],[88.052,27.407],[88.083,27.426],[88.063,27.461],[88.047,27.493],[88.064,27.525],[88.079,27.558],[88.095,27.597],[88.122,27.627],[88.14,27.658],[88.157,27.69],[88.157,27.729],[88.179,27.758],[88.2,27.791],[88.176,27.817],[88.204,27.842],[88.175,27.863],[88.142,27.877],[88.118,27.906],[88.129,27.94],[88.167,27.948],[88.2,27.961],[88.235,27.954],[88.271,27.958],[88.305,27.97],[88.338,27.988],[88.375,27.984],[88.409,27.992],[88.451,28.015],[88.478,28.043],[88.517,28.044],[88.55,28.061],[88.577,28.086],[88.613,28.103],[88.645,28.099]]]}},{"type":"Feature","id":31,"properties":{"id":31,"name":"Tamil Nadu","type":"State"},"geometry":{"type":"MultiPolygon","coordinates":[[[[77.556,8.079],[77.556,8.079]]],[[[78.115,8.617],[78.115,8.617]]],[[[78.121,8.617],[78.121,8.617]]],[[[78.12,8.638],[78.12,8.638]]],[[[78.128,8.648],[78.128,8.648]]],[[[78.117,8.657],[78.117,8.657]]],[[[78.208,8.841],[78.208,8.841]]],[[[78.225,8.874],[78.225,8.874]]],[[[78.253,8.958],[78.253,8.958]]],[[[78.492,9.093],[78.492,9.093]]],[[[78.539,9.106],[78.539,9.106]]],[[[78.58,9.112],[78.58,9.112]]],[[[78.488,9.135],[78.488,9.135]]],[[[78.696,9.155],[78.696,9.155]]],[[[78.731,9.156],[78.731,9.156]]],[[[78.828,9.171],[78.828,9.171]]],[[[78.941,9.185],[78.906,9.18],[78.942,9.185],[78.941,9.185]]],[[[78.968,9.189],[78.968,9.189]]],[[[79.07,9.208],[79.07,9.208]]],[[[79.142,9.215],[79.142,9.215]]],[[[79.126,9.218],[79.126,9.218]]],[[[79.232,9.245],[79.232,9.245]]],[[[79.184,9.249],[79.184,9.249]]],[[[79.219,9.251],[79.219,9.251]]],[[[79.312,9.328],[79.327,9.295],[79.328,9.26],[79.354,9.237],[79.381,9.214],[79.408,9.192],[79.434,9.168],[79.403,9.185],[79.373,9.204],[79.344,9.223],[79.313,9.24],[79.281,9.254],[79.246,9.26],[79.213,9.273],[79.243,9.293],[79.275,9.306],[79.304,9.326],[79.312,9.328]]],[[[79.529,9.384],[79.529,9.384]]],[[[79.53,9.386],[79.53,9.386]]],[[[79.53,9.386],[79.53,9.386]]],[[[79.53,9.389],[79.53,9.389]]],[[[79.53,9.389],[79.53,9.389]]],[[[79.529,9.389],[79.529,9.389]]],[[[79.529,9.389],[79.529,9.389]]],[[[79.529,9.39],[79.529,9.39]]],[[[79.707,10.288],[79.707,10.288]]],[[[79.698,10.29],[79.698,10.29]]],[[[79.696,10.291],[79.696,10.291]]],[[[79.691,10.298],[79.691,10.298]]],[[[79.686,10.298],[79.686,10.298]]],[[[79.623,10.3],[79.623,10.3]]],[[[79.608,10.303],[79.608,10.303]]],[[[79.619,10.309],[79.619,10.309]]],[[[79.624,10.309],[79.624,10.309]]],[[[79.632,10.309],[79.632,10.309]]],[[[79.7,10.31],[79.7,10.31]]],[[[79.677,10.31],[79.677,10.31]]],[[[79.69,10.31],[79.69,10.31]]],[[[79.609,10.311],[79.609,10.311]]],[[[79.696,10.321],[79.696,10.321]]],[[[79.632,10.333],[79.632,10.333]]],[[[79.626,10.344],[79.626,10.344]]],[[[79.839,11.237],[79.839,11.237]]],[[[79.827,11.237],[79.827,11.237]]],[[[79.991,12.251],[79.991,12.251]]],[[[80.323,13.438],[80.323,13.438]]],[[[80.076,13.527],[80.105,13.504],[80.145,13.486],[80.179,13.478],[80.216,13.482],[80.247,13.464],[80.265,13.428],[80.276,13.389],[80.308,13.374],[80.312,13.418],[80.329,13.388],[80.321,13.422],[80.333,13.388],[80.341,13.353],[80.346,13.318],[80.343,13.28],[80.335,13.245],[80.311,13.22],[80.317,13.185],[80.305,13.152],[80.302,13.117],[80.297,13.082],[80.281,13.05],[80.276,13.015],[80.268,12.98],[80.261,12.945],[80.256,12.909],[80.252,12.873],[80.248,12.837],[80.236,12.804],[80.252,12.773],[80.241,12.74],[80.229,12.707],[80.217,12.673],[80.205,12.64],[80.195,12.607],[80.164,12.59],[80.178,12.557],[80.166,12.523],[80.159,12.488],[80.149,12.454],[80.129,12.425],[80.108,12.397],[80.085,12.37],[80.063,12.343],[80.028,12.347],[80.062,12.352],[80.045,12.321],[80.027,12.291],[80.011,12.26],[79.98,12.243],[79.95,12.224],[79.982,12.237],[79.975,12.203],[79.956,12.173],[79.935,12.145],[79.918,12.114],[79.898,12.085],[79.88,12.055],[79.865,12.023],[79.851,11.99],[79.841,11.956],[79.805,11.963],[79.773,11.947],[79.747,11.918],[79.714,11.955],[79.749,11.972],[79.713,11.976],[79.692,12.011],[79.659,11.997],[79.687,11.974],[79.678,11.939],[79.704,11.913],[79.717,11.877],[79.683,11.905],[79.66,11.877],[79.696,11.873],[79.704,11.838],[79.739,11.85],[79.778,11.839],[79.8,11.808],[79.795,11.773],[79.787,11.738],[79.777,11.703],[79.77,11.668],[79.763,11.634],[79.758,11.598],[79.757,11.563],[79.765,11.529],[79.78,11.497],[79.795,11.466],[79.81,11.433],[79.818,11.399],[79.827,11.365],[79.838,11.33],[79.838,11.293],[79.844,11.258],[79.82,11.232],[79.851,11.215],[79.856,11.178],[79.858,11.141],[79.858,11.094],[79.857,11.055],[79.857,11.02],[79.855,10.978],[79.814,10.987],[79.783,10.967],[79.748,10.982],[79.746,10.943],[79.712,10.952],[79.708,10.915],[79.743,10.899],[79.776,10.882],[79.809,10.867],[79.806,10.828],[79.843,10.812],[79.851,10.776],[79.852,10.74],[79.853,10.702],[79.853,10.655],[79.855,10.62],[79.857,10.583],[79.86,10.545],[79.862,10.505],[79.863,10.468],[79.865,10.428],[79.869,10.392],[79.874,10.357],[79.882,10.322],[79.869,10.288],[79.836,10.276],[79.8,10.274],[79.758,10.274],[79.758,10.309],[79.723,10.317],[79.687,10.325],[79.651,10.32],[79.628,10.345],[79.608,10.316],[79.573,10.31],[79.607,10.299],[79.645,10.294],[79.68,10.297],[79.714,10.287],[79.678,10.281],[79.643,10.287],[79.607,10.293],[79.571,10.298],[79.537,10.304],[79.558,10.332],[79.523,10.318],[79.489,10.325],[79.457,10.34],[79.484,10.318],[79.446,10.314],[79.409,10.317],[79.377,10.303],[79.345,10.287],[79.313,10.272],[79.286,10.251],[79.281,10.214],[79.255,10.19],[79.24,10.157],[79.232,10.123],[79.23,10.087],[79.254,10.061],[79.246,10.027],[79.222,10.002],[79.2,9.974],[79.174,9.95],[79.154,9.92],[79.129,9.895],[79.124,9.86],[79.1,9.834],[79.08,9.805],[79.06,9.777],[79.032,9.755],[79.011,9.727],[78.989,9.699],[78.972,9.668],[78.961,9.634],[78.936,9.609],[78.926,9.575],[78.919,9.541],[78.915,9.505],[78.899,9.474],[78.915,9.442],[78.934,9.413],[78.957,9.387],[78.982,9.362],[79.008,9.339],[79.037,9.317],[79.067,9.299],[79.1,9.29],[79.135,9.289],[79.177,9.285],[79.143,9.274],[79.109,9.265],[79.069,9.261],[79.034,9.267],[79,9.272],[78.964,9.273],[78.929,9.267],[78.897,9.252],[78.862,9.254],[78.828,9.243],[78.795,9.23],[78.761,9.219],[78.728,9.209],[78.696,9.194],[78.66,9.194],[78.65,9.16],[78.616,9.152],[78.585,9.136],[78.549,9.137],[78.513,9.135],[78.478,9.127],[78.443,9.122],[78.41,9.111],[78.382,9.09],[78.355,9.067],[78.328,9.045],[78.299,9.025],[78.265,9.018],[78.245,8.989],[78.218,8.968],[78.196,8.94],[78.181,8.908],[78.168,8.875],[78.165,8.84],[78.163,8.804],[78.17,8.77],[78.204,8.763],[78.173,8.746],[78.155,8.715],[78.135,8.687],[78.128,8.652],[78.102,8.629],[78.096,8.594],[78.131,8.593],[78.123,8.628],[78.136,8.595],[78.133,8.557],[78.123,8.523],[78.124,8.488],[78.099,8.463],[78.077,8.436],[78.061,8.405],[78.064,8.37],[78.03,8.361],[77.997,8.348],[77.966,8.33],[77.94,8.307],[77.909,8.29],[77.88,8.27],[77.847,8.257],[77.813,8.246],[77.786,8.223],[77.766,8.194],[77.737,8.174],[77.703,8.164],[77.667,8.159],[77.632,8.155],[77.598,8.144],[77.567,8.127],[77.566,8.092],[77.533,8.077],[77.499,8.086],[77.462,8.092],[77.427,8.1],[77.393,8.109],[77.36,8.12],[77.325,8.127],[77.297,8.148],[77.267,8.167],[77.235,8.181],[77.21,8.205],[77.181,8.226],[77.155,8.25],[77.127,8.271],[77.098,8.292],[77.122,8.323],[77.16,8.313],[77.155,8.351],[77.164,8.388],[77.183,8.427],[77.209,8.451],[77.191,8.488],[77.228,8.491],[77.252,8.517],[77.252,8.571],[77.228,8.598],[77.208,8.631],[77.187,8.662],[77.179,8.7],[77.157,8.731],[77.181,8.758],[77.215,8.776],[77.232,8.807],[77.243,8.841],[77.223,8.878],[77.202,8.907],[77.18,8.937],[77.158,8.978],[77.135,9.005],[77.154,9.037],[77.189,9.056],[77.202,9.091],[77.23,9.115],[77.252,9.143],[77.237,9.179],[77.267,9.209],[77.266,9.255],[77.267,9.291],[77.285,9.321],[77.321,9.351],[77.328,9.39],[77.334,9.431],[77.368,9.444],[77.384,9.479],[77.387,9.517],[77.351,9.526],[77.341,9.564],[77.311,9.585],[77.275,9.581],[77.239,9.573],[77.205,9.592],[77.167,9.601],[77.166,9.638],[77.185,9.671],[77.19,9.706],[77.206,9.737],[77.21,9.78],[77.215,9.831],[77.199,9.866],[77.217,9.906],[77.234,9.938],[77.261,9.964],[77.241,10],[77.237,10.035],[77.204,10.068],[77.195,10.106],[77.231,10.12],[77.26,10.141],[77.264,10.18],[77.275,10.221],[77.245,10.245],[77.221,10.296],[77.222,10.34],[77.181,10.343],[77.134,10.324],[77.101,10.304],[77.068,10.29],[77.034,10.272],[77.016,10.241],[76.987,10.22],[76.952,10.22],[76.909,10.223],[76.885,10.255],[76.862,10.283],[76.825,10.294],[76.827,10.33],[76.831,10.372],[76.812,10.411],[76.821,10.48],[76.831,10.525],[76.825,10.562],[76.809,10.594],[76.822,10.627],[76.86,10.625],[76.87,10.661],[76.875,10.707],[76.888,10.743],[76.891,10.792],[76.853,10.809],[76.834,10.843],[76.791,10.871],[76.749,10.885],[76.711,10.896],[76.675,10.906],[76.647,10.929],[76.678,10.98],[76.69,11.018],[76.732,11.029],[76.782,11.029],[76.751,11.047],[76.746,11.084],[76.739,11.121],[76.703,11.142],[76.706,11.18],[76.71,11.218],[76.668,11.211],[76.63,11.191],[76.593,11.197],[76.548,11.193],[76.51,11.195],[76.475,11.201],[76.44,11.191],[76.446,11.23],[76.488,11.252],[76.522,11.281],[76.535,11.316],[76.538,11.352],[76.473,11.375],[76.439,11.391],[76.408,11.415],[76.371,11.441],[76.334,11.459],[76.298,11.459],[76.258,11.473],[76.242,11.505],[76.234,11.546],[76.26,11.587],[76.293,11.572],[76.329,11.589],[76.365,11.592],[76.396,11.625],[76.434,11.634],[76.467,11.672],[76.504,11.698],[76.535,11.677],[76.547,11.636],[76.575,11.606],[76.626,11.604],[76.664,11.605],[76.707,11.606],[76.746,11.611],[76.781,11.604],[76.817,11.597],[76.829,11.635],[76.841,11.67],[76.865,11.711],[76.886,11.744],[76.9,11.783],[76.936,11.777],[76.975,11.791],[77.013,11.799],[77.022,11.765],[77.057,11.777],[77.074,11.73],[77.109,11.713],[77.106,11.751],[77.137,11.772],[77.172,11.776],[77.216,11.785],[77.248,11.801],[77.285,11.798],[77.314,11.77],[77.351,11.769],[77.401,11.764],[77.436,11.782],[77.447,11.816],[77.452,11.853],[77.453,11.889],[77.482,11.912],[77.524,11.921],[77.573,11.924],[77.615,11.934],[77.655,11.937],[77.677,11.984],[77.694,12.015],[77.716,12.049],[77.746,12.069],[77.766,12.101],[77.74,12.129],[77.726,12.167],[77.673,12.181],[77.633,12.186],[77.597,12.195],[77.556,12.187],[77.52,12.189],[77.482,12.19],[77.474,12.225],[77.47,12.262],[77.518,12.27],[77.545,12.293],[77.569,12.324],[77.6,12.351],[77.611,12.386],[77.617,12.425],[77.625,12.477],[77.575,12.468],[77.602,12.492],[77.578,12.523],[77.57,12.558],[77.582,12.605],[77.588,12.643],[77.633,12.67],[77.67,12.671],[77.714,12.67],[77.747,12.687],[77.753,12.725],[77.785,12.745],[77.788,12.781],[77.801,12.821],[77.822,12.85],[77.859,12.858],[77.894,12.868],[77.929,12.875],[77.915,12.839],[77.951,12.838],[77.981,12.81],[78.009,12.834],[78.047,12.842],[78.076,12.821],[78.102,12.793],[78.132,12.77],[78.175,12.763],[78.212,12.755],[78.229,12.72],[78.2,12.696],[78.228,12.674],[78.264,12.692],[78.287,12.658],[78.322,12.637],[78.361,12.615],[78.398,12.614],[78.439,12.617],[78.458,12.662],[78.493,12.67],[78.511,12.702],[78.48,12.73],[78.512,12.708],[78.54,12.684],[78.552,12.72],[78.566,12.759],[78.59,12.792],[78.594,12.833],[78.606,12.874],[78.625,12.914],[78.629,12.953],[78.628,12.99],[78.651,13.018],[78.694,13.004],[78.701,13.044],[78.74,13.045],[78.778,13.053],[78.808,13.078],[78.844,13.071],[78.876,13.086],[78.881,13.044],[78.916,13.023],[78.912,13.063],[78.95,13.066],[78.988,13.073],[79.023,13.056],[79.053,13.038],[79.083,13.012],[79.119,13.023],[79.153,13.007],[79.177,13.033],[79.184,13.073],[79.214,13.097],[79.218,13.136],[79.256,13.137],[79.288,13.118],[79.331,13.121],[79.347,13.154],[79.378,13.182],[79.413,13.186],[79.446,13.217],[79.409,13.22],[79.412,13.258],[79.386,13.295],[79.417,13.322],[79.455,13.324],[79.498,13.315],[79.536,13.311],[79.546,13.274],[79.571,13.247],[79.601,13.268],[79.638,13.276],[79.679,13.269],[79.673,13.229],[79.7,13.203],[79.733,13.215],[79.774,13.218],[79.746,13.248],[79.75,13.291],[79.787,13.285],[79.824,13.302],[79.859,13.314],[79.897,13.329],[79.94,13.358],[79.932,13.404],[79.961,13.428],[79.987,13.462],[80.019,13.486],[79.99,13.51],[80.03,13.524],[80.066,13.535],[80.076,13.527]]]]}},{"type":"Feature","id":32,"properties":{"id":32,"name":"Tripura","type":"State"},"geometry":{"type":"Polygon","coordinates":[[[92.185,24.523],[92.217,24.507],[92.229,24.472],[92.257,24.436],[92.264,24.398],[92.264,24.362],[92.213,24.249],[92.26,24.25],[92.297,24.252],[92.314,24.221],[92.329,24.189],[92.334,24.151],[92.329,24.116],[92.328,24.081],[92.315,24.045],[92.325,24.007],[92.318,23.972],[92.313,23.935],[92.322,23.891],[92.295,23.865],[92.282,23.831],[92.264,23.8],[92.267,23.762],[92.262,23.727],[92.246,23.696],[92.23,23.66],[92.218,23.695],[92.184,23.714],[92.155,23.736],[92.133,23.707],[92.109,23.68],[92.085,23.651],[92.049,23.653],[92.016,23.667],[91.998,23.701],[91.977,23.731],[91.958,23.702],[91.947,23.668],[91.951,23.633],[91.955,23.596],[91.963,23.56],[91.96,23.525],[91.974,23.493],[91.944,23.47],[91.92,23.442],[91.887,23.427],[91.856,23.405],[91.837,23.372],[91.814,23.344],[91.792,23.311],[91.775,23.278],[91.777,23.243],[91.786,23.208],[91.802,23.174],[91.815,23.139],[91.824,23.104],[91.815,23.07],[91.778,23.067],[91.785,23.032],[91.751,23.01],[91.721,22.989],[91.686,22.988],[91.65,22.98],[91.625,22.953],[91.598,22.975],[91.563,22.976],[91.551,23.01],[91.537,23.042],[91.531,23.079],[91.519,23.113],[91.503,23.145],[91.511,23.182],[91.475,23.188],[91.463,23.222],[91.456,23.256],[91.423,23.271],[91.403,23.238],[91.394,23.203],[91.393,23.168],[91.403,23.129],[91.409,23.095],[91.422,23.059],[91.378,23.064],[91.357,23.095],[91.345,23.129],[91.33,23.161],[91.33,23.197],[91.329,23.235],[91.319,23.269],[91.32,23.306],[91.303,23.341],[91.298,23.379],[91.282,23.416],[91.261,23.446],[91.257,23.482],[91.227,23.501],[91.209,23.533],[91.195,23.571],[91.169,23.595],[91.163,23.632],[91.16,23.668],[91.195,23.655],[91.21,23.688],[91.172,23.692],[91.156,23.723],[91.178,23.752],[91.214,23.75],[91.234,23.782],[91.244,23.82],[91.247,23.858],[91.232,23.894],[91.235,23.929],[91.272,23.927],[91.272,23.964],[91.301,23.983],[91.335,23.992],[91.37,23.981],[91.381,24.018],[91.397,24.051],[91.377,24.081],[91.4,24.111],[91.435,24.101],[91.473,24.1],[91.508,24.087],[91.543,24.076],[91.579,24.08],[91.612,24.095],[91.642,24.116],[91.645,24.154],[91.66,24.188],[91.656,24.225],[91.677,24.195],[91.692,24.159],[91.727,24.145],[91.762,24.143],[91.755,24.183],[91.749,24.218],[91.785,24.224],[91.818,24.209],[91.847,24.228],[91.851,24.19],[91.875,24.162],[91.901,24.138],[91.912,24.172],[91.928,24.223],[91.942,24.268],[91.929,24.308],[91.94,24.344],[91.975,24.341],[91.97,24.379],[92.004,24.389],[92.041,24.379],[92.076,24.376],[92.112,24.383],[92.138,24.41],[92.17,24.426],[92.158,24.46],[92.156,24.498],[92.17,24.531],[92.185,24.523]]]}},{"type":"Feature","id":33,"properties":{"id":33,"name":"Uttar Pradesh","type":"State"},"geometry":{"type":"Polygon","coordinates":[[[77.585,30.409],[77.622,30.405],[77.658,30.394],[77.684,30.37],[77.708,30.341],[77.743,30.328],[77.777,30.31],[77.809,30.292],[77.842,30.28],[77.88,30.272],[77.914,30.258],[77.915,30.222],[77.897,30.188],[77.872,30.163],[77.852,30.131],[77.827,30.106],[77.79,30.102],[77.77,30.068],[77.773,30.033],[77.745,30.009],[77.744,29.972],[77.721,29.939],[77.72,29.903],[77.702,29.872],[77.731,29.842],[77.749,29.804],[77.764,29.77],[77.769,29.735],[77.795,29.7],[77.821,29.669],[77.854,29.689],[77.9,29.698],[77.937,29.714],[77.954,29.681],[77.972,29.645],[77.962,29.61],[77.984,29.58],[78.017,29.555],[78.04,29.588],[78.073,29.6],[78.094,29.628],[78.134,29.659],[78.166,29.68],[78.192,29.707],[78.231,29.704],[78.265,29.727],[78.303,29.758],[78.332,29.796],[78.386,29.774],[78.424,29.762],[78.465,29.751],[78.49,29.725],[78.507,29.691],[78.512,29.651],[78.561,29.594],[78.605,29.562],[78.64,29.548],[78.677,29.521],[78.727,29.509],[78.766,29.484],[78.811,29.47],[78.846,29.464],[78.883,29.458],[78.92,29.46],[78.896,29.424],[78.87,29.392],[78.836,29.381],[78.797,29.356],[78.764,29.343],[78.728,29.334],[78.747,29.303],[78.782,29.271],[78.814,29.252],[78.851,29.262],[78.874,29.235],[78.894,29.205],[78.905,29.171],[78.944,29.15],[78.979,29.155],[78.998,29.123],[79.011,29.157],[79.046,29.155],[79.092,29.137],[79.131,29.129],[79.137,29.091],[79.153,29.055],[79.164,29.021],[79.199,29.025],[79.238,29.007],[79.264,28.982],[79.295,28.954],[79.334,28.955],[79.369,28.958],[79.398,28.935],[79.401,28.9],[79.406,28.862],[79.448,28.86],[79.483,28.866],[79.52,28.873],[79.548,28.85],[79.592,28.867],[79.631,28.859],[79.666,28.848],[79.697,28.87],[79.733,28.883],[79.774,28.892],[79.806,28.869],[79.801,28.833],[79.842,28.843],[79.875,28.83],[79.843,28.815],[79.873,28.796],[79.906,28.772],[79.922,28.738],[79.953,28.718],[79.988,28.717],[80.023,28.749],[80.04,28.783],[80.058,28.835],[80.109,28.828],[80.157,28.798],[80.202,28.764],[80.237,28.758],[80.266,28.738],[80.293,28.711],[80.324,28.689],[80.35,28.653],[80.377,28.629],[80.416,28.639],[80.451,28.629],[80.473,28.591],[80.501,28.57],[80.517,28.616],[80.505,28.665],[80.542,28.691],[80.579,28.685],[80.597,28.654],[80.635,28.637],[80.672,28.628],[80.697,28.603],[80.716,28.568],[80.751,28.571],[80.784,28.547],[80.81,28.521],[80.844,28.501],[80.884,28.509],[80.907,28.468],[80.944,28.468],[80.982,28.455],[81.018,28.452],[81.019,28.416],[81.069,28.394],[81.15,28.371],[81.195,28.364],[81.232,28.33],[81.235,28.289],[81.282,28.235],[81.322,28.197],[81.304,28.167],[81.32,28.133],[81.373,28.142],[81.392,28.174],[81.428,28.171],[81.452,28.142],[81.486,28.118],[81.48,28.083],[81.54,28.054],[81.581,28.029],[81.619,28.01],[81.65,27.993],[81.695,27.989],[81.757,27.943],[81.804,27.905],[81.842,27.891],[81.875,27.869],[81.928,27.86],[81.94,27.894],[81.964,27.923],[82.027,27.925],[82.064,27.922],[82.092,27.899],[82.123,27.868],[82.163,27.862],[82.198,27.848],[82.231,27.822],[82.305,27.773],[82.338,27.755],[82.384,27.72],[82.415,27.698],[82.451,27.679],[82.486,27.681],[82.532,27.687],[82.587,27.698],[82.63,27.709],[82.666,27.722],[82.701,27.722],[82.72,27.687],[82.732,27.653],[82.737,27.616],[82.758,27.588],[82.744,27.554],[82.745,27.517],[82.777,27.501],[82.837,27.502],[82.872,27.498],[82.923,27.501],[82.951,27.472],[83,27.458],[83.036,27.449],[83.071,27.451],[83.113,27.455],[83.166,27.457],[83.206,27.435],[83.24,27.407],[83.274,27.383],[83.295,27.336],[83.33,27.334],[83.367,27.356],[83.39,27.384],[83.412,27.413],[83.386,27.437],[83.391,27.473],[83.482,27.475],[83.553,27.472],[83.61,27.47],[83.668,27.447],[83.709,27.427],[83.747,27.409],[83.797,27.386],[83.833,27.37],[83.855,27.34],[83.888,27.326],[83.924,27.316],[83.904,27.281],[83.912,27.247],[83.948,27.238],[83.977,27.203],[83.968,27.166],[83.954,27.132],[83.939,27.093],[83.978,27.093],[84.012,27.105],[83.991,27.071],[84.024,27.045],[84.04,27.006],[84.041,26.968],[84.037,26.933],[84.049,26.9],[84.086,26.885],[84.122,26.893],[84.132,26.856],[84.169,26.835],[84.197,26.861],[84.235,26.864],[84.251,26.831],[84.248,26.793],[84.225,26.757],[84.247,26.729],[84.279,26.751],[84.311,26.734],[84.323,26.688],[84.367,26.679],[84.402,26.671],[84.414,26.627],[84.379,26.622],[84.33,26.618],[84.295,26.607],[84.259,26.607],[84.223,26.613],[84.185,26.626],[84.149,26.628],[84.106,26.637],[84.082,26.603],[84.057,26.573],[84.043,26.541],[84.001,26.525],[83.965,26.512],[83.93,26.525],[83.905,26.494],[83.902,26.45],[83.946,26.438],[83.982,26.435],[84.021,26.429],[84.055,26.402],[84.09,26.388],[84.128,26.384],[84.171,26.374],[84.167,26.338],[84.169,26.293],[84.155,26.258],[84.113,26.262],[84.091,26.234],[84.057,26.225],[84.024,26.24],[84.023,26.204],[84.014,26.167],[84.034,26.137],[84.048,26.104],[84.091,26.097],[84.128,26.056],[84.159,26.032],[84.166,25.992],[84.202,26.001],[84.235,25.986],[84.275,25.961],[84.309,25.947],[84.344,25.959],[84.386,25.938],[84.418,25.911],[84.451,25.89],[84.507,25.872],[84.541,25.862],[84.571,25.83],[84.611,25.801],[84.601,25.761],[84.63,25.733],[84.556,25.736],[84.559,25.701],[84.53,25.725],[84.525,25.684],[84.488,25.678],[84.459,25.698],[84.424,25.712],[84.394,25.729],[84.354,25.744],[84.323,25.723],[84.321,25.682],[84.284,25.677],[84.248,25.663],[84.203,25.67],[84.174,25.716],[84.136,25.717],[84.094,25.72],[84.07,25.696],[84.08,25.653],[84.028,25.623],[83.992,25.601],[83.956,25.575],[83.921,25.562],[83.899,25.532],[83.868,25.512],[83.851,25.474],[83.815,25.468],[83.839,25.442],[83.803,25.433],[83.782,25.399],[83.742,25.401],[83.704,25.386],[83.672,25.365],[83.643,25.341],[83.607,25.332],[83.572,25.318],[83.535,25.315],[83.511,25.288],[83.471,25.272],[83.433,25.254],[83.402,25.23],[83.375,25.203],[83.341,25.186],[83.352,25.152],[83.354,25.11],[83.332,25.082],[83.323,25.048],[83.339,25.012],[83.341,24.975],[83.359,24.937],[83.351,24.903],[83.368,24.863],[83.39,24.833],[83.393,24.797],[83.419,24.77],[83.445,24.74],[83.48,24.738],[83.483,24.703],[83.513,24.683],[83.498,24.652],[83.539,24.628],[83.517,24.599],[83.518,24.555],[83.487,24.524],[83.436,24.514],[83.4,24.506],[83.388,24.468],[83.399,24.412],[83.43,24.396],[83.451,24.367],[83.427,24.34],[83.391,24.327],[83.401,24.285],[83.393,24.247],[83.376,24.214],[83.366,24.172],[83.35,24.137],[83.324,24.101],[83.292,24.077],[83.277,24.046],[83.262,24.014],[83.227,23.996],[83.211,23.96],[83.193,23.927],[83.158,23.913],[83.127,23.89],[83.087,23.878],[83.043,23.879],[82.992,23.879],[82.954,23.873],[82.923,23.893],[82.881,23.91],[82.855,23.939],[82.821,23.965],[82.801,23.997],[82.766,24.006],[82.74,24.031],[82.762,24.06],[82.726,24.083],[82.664,24.124],[82.671,24.158],[82.72,24.139],[82.735,24.183],[82.727,24.223],[82.749,24.257],[82.764,24.292],[82.763,24.33],[82.759,24.369],[82.718,24.371],[82.715,24.416],[82.726,24.461],[82.737,24.5],[82.714,24.536],[82.745,24.553],[82.781,24.546],[82.796,24.588],[82.76,24.6],[82.766,24.642],[82.727,24.646],[82.692,24.649],[82.685,24.687],[82.646,24.695],[82.603,24.679],[82.544,24.655],[82.509,24.679],[82.464,24.68],[82.432,24.706],[82.402,24.684],[82.409,24.65],[82.415,24.606],[82.361,24.602],[82.33,24.624],[82.294,24.614],[82.295,24.654],[82.269,24.682],[82.234,24.672],[82.24,24.711],[82.25,24.756],[82.209,24.76],[82.173,24.74],[82.191,24.775],[82.191,24.818],[82.163,24.796],[82.126,24.794],[82.095,24.81],[82.056,24.828],[82.024,24.845],[81.975,24.842],[81.937,24.85],[81.915,24.878],[81.902,24.912],[81.901,24.973],[81.898,25.01],[81.865,25],[81.829,25.019],[81.792,25.01],[81.75,25.032],[81.716,25.053],[81.682,25.044],[81.66,25.071],[81.625,25.062],[81.594,25.08],[81.626,25.1],[81.591,25.123],[81.618,25.146],[81.582,25.168],[81.549,25.187],[81.513,25.188],[81.519,25.152],[81.485,25.134],[81.508,25.107],[81.485,25.078],[81.436,25.096],[81.401,25.108],[81.438,25.11],[81.4,25.134],[81.365,25.138],[81.336,25.166],[81.316,25.135],[81.293,25.168],[81.266,25.145],[81.248,25.112],[81.26,25.076],[81.248,25.041],[81.223,25.011],[81.212,24.978],[81.206,24.939],[81.172,24.954],[81.151,24.924],[81.132,24.892],[81.104,24.913],[81.082,24.948],[81.047,24.955],[81.01,24.954],[80.981,24.93],[80.95,24.946],[80.916,24.965],[80.881,24.948],[80.841,24.936],[80.802,24.944],[80.821,24.983],[80.85,25.003],[80.827,25.039],[80.856,25.062],[80.871,25.098],[80.873,25.134],[80.902,25.158],[80.878,25.196],[80.841,25.193],[80.834,25.146],[80.828,25.11],[80.808,25.141],[80.766,25.141],[80.729,25.143],[80.719,25.104],[80.767,25.086],[80.734,25.062],[80.698,25.062],[80.668,25.087],[80.634,25.097],[80.625,25.138],[80.595,25.155],[80.591,25.118],[80.607,25.076],[80.573,25.086],[80.539,25.07],[80.514,25.096],[80.476,25.102],[80.5,25.071],[80.477,25.044],[80.456,25.074],[80.41,25.077],[80.379,25.056],[80.383,25.019],[80.348,25.016],[80.315,25.003],[80.278,25.022],[80.281,25.057],[80.311,25.082],[80.338,25.121],[80.362,25.15],[80.404,25.165],[80.412,25.199],[80.399,25.243],[80.363,25.247],[80.341,25.279],[80.304,25.289],[80.312,25.334],[80.313,25.372],[80.295,25.408],[80.261,25.426],[80.23,25.411],[80.194,25.416],[80.183,25.382],[80.145,25.36],[80.107,25.344],[80.07,25.343],[80.024,25.345],[80.013,25.302],[79.997,25.27],[79.949,25.265],[79.913,25.233],[79.875,25.253],[79.853,25.225],[79.859,25.19],[79.863,25.154],[79.847,25.122],[79.805,25.111],[79.769,25.125],[79.726,25.136],[79.687,25.137],[79.643,25.132],[79.606,25.133],[79.576,25.157],[79.538,25.153],[79.514,25.126],[79.494,25.092],[79.47,25.131],[79.436,25.108],[79.418,25.138],[79.382,25.146],[79.404,25.19],[79.436,25.205],[79.434,25.242],[79.459,25.269],[79.415,25.259],[79.389,25.286],[79.358,25.264],[79.332,25.292],[79.346,25.333],[79.309,25.339],[79.268,25.319],[79.257,25.285],[79.298,25.276],[79.335,25.276],[79.341,25.239],[79.333,25.201],[79.3,25.227],[79.279,25.197],[79.309,25.165],[79.301,25.131],[79.26,25.122],[79.256,25.157],[79.22,25.155],[79.24,25.12],[79.198,25.128],[79.157,25.112],[79.121,25.113],[79.119,25.158],[79.089,25.178],[79.058,25.151],[79.022,25.143],[79.031,25.179],[79.048,25.21],[79.028,25.241],[79.012,25.274],[78.977,25.262],[78.995,25.225],[78.953,25.221],[78.919,25.206],[78.893,25.173],[78.88,25.206],[78.872,25.251],[78.909,25.274],[78.946,25.264],[78.97,25.291],[78.956,25.348],[78.919,25.346],[78.879,25.347],[78.856,25.317],[78.871,25.285],[78.85,25.253],[78.811,25.266],[78.807,25.303],[78.833,25.331],[78.861,25.377],[78.901,25.389],[78.943,25.403],[78.909,25.381],[78.939,25.353],[78.974,25.373],[78.966,25.411],[78.947,25.443],[78.903,25.447],[78.936,25.48],[78.919,25.514],[78.944,25.541],[78.91,25.559],[78.874,25.557],[78.851,25.519],[78.852,25.478],[78.837,25.434],[78.825,25.468],[78.79,25.484],[78.749,25.482],[78.752,25.438],[78.789,25.442],[78.756,25.419],[78.761,25.382],[78.736,25.349],[78.705,25.366],[78.672,25.385],[78.654,25.417],[78.7,25.426],[78.658,25.444],[78.637,25.414],[78.599,25.415],[78.569,25.396],[78.58,25.361],[78.535,25.364],[78.541,25.327],[78.505,25.302],[78.469,25.303],[78.43,25.297],[78.454,25.271],[78.489,25.292],[78.525,25.286],[78.557,25.269],[78.561,25.227],[78.594,25.157],[78.598,25.108],[78.629,25.082],[78.644,25.035],[78.632,24.984],[78.643,24.95],[78.659,24.918],[78.692,24.896],[78.732,24.872],[78.767,24.856],[78.781,24.815],[78.763,24.767],[78.769,24.724],[78.759,24.682],[78.742,24.651],[78.748,24.612],[78.794,24.598],[78.829,24.608],[78.859,24.628],[78.893,24.614],[78.913,24.581],[78.943,24.558],[78.943,24.517],[78.925,24.486],[78.941,24.446],[78.982,24.447],[78.976,24.403],[78.968,24.36],[78.945,24.331],[78.908,24.301],[78.886,24.259],[78.879,24.223],[78.839,24.215],[78.808,24.193],[78.776,24.21],[78.766,24.251],[78.727,24.253],[78.693,24.237],[78.658,24.268],[78.626,24.286],[78.605,24.316],[78.581,24.35],[78.528,24.374],[78.49,24.386],[78.471,24.343],[78.44,24.326],[78.426,24.29],[78.393,24.275],[78.362,24.296],[78.332,24.322],[78.347,24.363],[78.337,24.404],[78.3,24.427],[78.267,24.447],[78.263,24.483],[78.24,24.51],[78.224,24.541],[78.259,24.558],[78.268,24.597],[78.258,24.638],[78.257,24.686],[78.237,24.725],[78.22,24.758],[78.209,24.813],[78.187,24.843],[78.163,24.871],[78.2,24.896],[78.229,24.924],[78.26,24.949],[78.29,24.968],[78.328,25],[78.331,25.045],[78.325,25.084],[78.358,25.102],[78.39,25.127],[78.425,25.125],[78.442,25.157],[78.409,25.182],[78.386,25.209],[78.369,25.242],[78.355,25.276],[78.33,25.3],[78.331,25.337],[78.302,25.364],[78.322,25.395],[78.335,25.431],[78.371,25.447],[78.396,25.472],[78.409,25.504],[78.412,25.542],[78.445,25.555],[78.481,25.58],[78.528,25.573],[78.565,25.568],[78.6,25.578],[78.644,25.565],[78.673,25.592],[78.707,25.603],[78.749,25.608],[78.785,25.615],[78.811,25.645],[78.796,25.696],[78.761,25.721],[78.766,25.759],[78.791,25.788],[78.824,25.808],[78.862,25.799],[78.866,25.834],[78.858,25.872],[78.887,25.899],[78.901,25.938],[78.925,25.965],[78.943,25.998],[78.944,26.037],[78.976,26.06],[79.003,26.082],[78.972,26.109],[78.944,26.138],[78.986,26.151],[78.976,26.193],[79.013,26.197],[79.017,26.232],[79.052,26.232],[79.037,26.267],[79.067,26.288],[79.094,26.312],[79.124,26.331],[79.103,26.36],[79.087,26.391],[79.115,26.416],[79.11,26.453],[79.074,26.446],[79.063,26.485],[79.039,26.516],[79.021,26.552],[78.994,26.579],[79.005,26.614],[78.987,26.644],[79,26.677],[78.964,26.677],[78.931,26.704],[78.883,26.704],[78.841,26.726],[78.811,26.765],[78.774,26.766],[78.745,26.789],[78.69,26.796],[78.659,26.769],[78.62,26.775],[78.575,26.756],[78.535,26.772],[78.492,26.788],[78.451,26.798],[78.43,26.829],[78.39,26.825],[78.37,26.858],[78.324,26.869],[78.282,26.864],[78.265,26.825],[78.223,26.837],[78.197,26.872],[78.23,26.894],[78.26,26.916],[78.231,26.937],[78.19,26.947],[78.153,26.952],[78.115,26.955],[78.097,26.923],[78.061,26.916],[78.044,26.885],[78.018,26.862],[78.019,26.897],[77.98,26.898],[77.942,26.9],[77.91,26.914],[77.877,26.899],[77.841,26.916],[77.805,26.929],[77.765,26.938],[77.729,26.926],[77.72,26.887],[77.682,26.879],[77.625,26.847],[77.588,26.833],[77.547,26.822],[77.512,26.828],[77.487,26.801],[77.486,26.761],[77.448,26.747],[77.427,26.776],[77.439,26.819],[77.426,26.853],[77.454,26.877],[77.482,26.904],[77.519,26.915],[77.557,26.926],[77.587,26.945],[77.642,26.967],[77.692,26.979],[77.736,26.988],[77.755,27.023],[77.72,27.014],[77.682,27.033],[77.643,27.027],[77.603,27.029],[77.568,27.039],[77.566,27.078],[77.529,27.067],[77.499,27.094],[77.532,27.11],[77.575,27.122],[77.607,27.154],[77.643,27.174],[77.672,27.195],[77.642,27.215],[77.634,27.254],[77.609,27.282],[77.616,27.325],[77.58,27.328],[77.543,27.342],[77.509,27.368],[77.476,27.388],[77.436,27.397],[77.415,27.425],[77.43,27.462],[77.396,27.478],[77.383,27.511],[77.34,27.525],[77.331,27.564],[77.35,27.593],[77.311,27.612],[77.342,27.653],[77.337,27.696],[77.302,27.713],[77.305,27.749],[77.304,27.788],[77.289,27.829],[77.327,27.838],[77.365,27.861],[77.404,27.858],[77.411,27.895],[77.442,27.878],[77.472,27.901],[77.478,27.94],[77.514,27.936],[77.536,27.966],[77.52,28.007],[77.495,28.034],[77.477,28.073],[77.483,28.108],[77.49,28.144],[77.532,28.17],[77.506,28.195],[77.516,28.23],[77.487,28.262],[77.494,28.3],[77.466,28.334],[77.494,28.358],[77.47,28.394],[77.451,28.425],[77.426,28.455],[77.388,28.473],[77.36,28.498],[77.331,28.524],[77.303,28.55],[77.307,28.597],[77.338,28.617],[77.314,28.643],[77.318,28.679],[77.323,28.716],[77.285,28.712],[77.26,28.738],[77.229,28.772],[77.197,28.795],[77.217,28.835],[77.193,28.865],[77.217,28.9],[77.205,28.936],[77.204,28.982],[77.192,29.021],[77.163,29.049],[77.149,29.083],[77.122,29.106],[77.127,29.154],[77.138,29.201],[77.143,29.238],[77.129,29.273],[77.154,29.317],[77.128,29.344],[77.12,29.379],[77.125,29.422],[77.118,29.456],[77.12,29.497],[77.086,29.528],[77.107,29.566],[77.087,29.596],[77.101,29.633],[77.129,29.659],[77.126,29.697],[77.123,29.736],[77.117,29.771],[77.152,29.793],[77.169,29.83],[77.18,29.869],[77.18,29.906],[77.211,29.941],[77.233,29.974],[77.263,30.002],[77.272,30.04],[77.303,30.061],[77.337,30.068],[77.369,30.092],[77.409,30.103],[77.418,30.141],[77.44,30.169],[77.473,30.189],[77.494,30.227],[77.52,30.26],[77.54,30.291],[77.57,30.311],[77.575,30.347],[77.584,30.381],[77.585,30.409]]]}},{"type":"Feature","id":34,"properties":{"id":34,"name":"Uttaranchal","type":"State"},"geometry":{"type":"Polygon","coordinates":[[[79.195,31.354],[79.223,31.332],[79.248,31.297],[79.233,31.262],[79.264,31.244],[79.286,31.2],[79.289,31.164],[79.314,31.139],[79.35,31.124],[79.384,31.112],[79.4,31.08],[79.411,31.047],[79.457,31.04],[79.494,31.041],[79.517,31.015],[79.533,30.983],[79.56,30.957],[79.592,30.944],[79.624,30.965],[79.654,30.986],[79.693,30.982],[79.726,30.994],[79.779,30.988],[79.816,30.979],[79.852,30.98],[79.87,30.95],[79.894,30.923],[79.915,30.892],[79.96,30.886],[79.992,30.869],[80.025,30.844],[80.064,30.825],[80.083,30.795],[80.119,30.786],[80.145,30.813],[80.176,30.795],[80.195,30.761],[80.23,30.754],[80.225,30.718],[80.199,30.69],[80.201,30.655],[80.199,30.619],[80.211,30.582],[80.244,30.567],[80.281,30.574],[80.313,30.557],[80.346,30.538],[80.381,30.524],[80.416,30.511],[80.448,30.496],[80.485,30.49],[80.512,30.463],[80.552,30.465],[80.577,30.49],[80.623,30.463],[80.653,30.445],[80.7,30.418],[80.731,30.402],[80.757,30.377],[80.774,30.346],[80.811,30.32],[80.846,30.307],[80.883,30.3],[80.917,30.288],[80.967,30.276],[81.008,30.264],[80.979,30.239],[80.937,30.235],[80.906,30.217],[80.882,30.181],[80.875,30.144],[80.847,30.116],[80.817,30.096],[80.791,30.069],[80.761,30.044],[80.749,30.007],[80.714,29.99],[80.685,29.967],[80.65,29.956],[80.613,29.959],[80.581,29.933],[80.574,29.895],[80.556,29.862],[80.53,29.834],[80.499,29.811],[80.456,29.802],[80.419,29.796],[80.398,29.763],[80.367,29.746],[80.376,29.712],[80.386,29.675],[80.416,29.654],[80.41,29.615],[80.393,29.582],[80.364,29.562],[80.35,29.524],[80.315,29.498],[80.29,29.472],[80.26,29.452],[80.248,29.416],[80.277,29.392],[80.281,29.35],[80.304,29.323],[80.306,29.285],[80.3,29.25],[80.296,29.211],[80.26,29.211],[80.262,29.175],[80.271,29.141],[80.24,29.121],[80.205,29.129],[80.17,29.126],[80.131,29.064],[80.129,29.021],[80.12,28.982],[80.067,28.927],[80.063,28.883],[80.066,28.837],[80.034,28.81],[80.035,28.769],[80.014,28.737],[79.975,28.717],[79.93,28.727],[79.912,28.759],[79.893,28.792],[79.853,28.801],[79.875,28.83],[79.842,28.843],[79.815,28.819],[79.797,28.85],[79.774,28.892],[79.74,28.883],[79.706,28.872],[79.673,28.858],[79.635,28.858],[79.598,28.865],[79.566,28.849],[79.55,28.884],[79.517,28.871],[79.477,28.867],[79.44,28.861],[79.405,28.867],[79.4,28.911],[79.375,28.939],[79.338,28.955],[79.302,28.953],[79.271,28.975],[79.239,29],[79.211,29.024],[79.169,29.016],[79.165,29.051],[79.135,29.082],[79.142,29.12],[79.109,29.13],[79.073,29.152],[79.038,29.166],[79.009,29.139],[78.973,29.161],[78.934,29.154],[78.898,29.155],[78.899,29.191],[78.883,29.225],[78.858,29.252],[78.823,29.256],[78.787,29.265],[78.759,29.287],[78.731,29.311],[78.747,29.343],[78.782,29.346],[78.807,29.373],[78.857,29.386],[78.887,29.409],[78.9,29.447],[78.866,29.46],[78.83,29.469],[78.786,29.476],[78.742,29.501],[78.693,29.509],[78.65,29.541],[78.615,29.558],[78.576,29.581],[78.531,29.624],[78.509,29.66],[78.502,29.712],[78.474,29.748],[78.432,29.758],[78.398,29.772],[78.351,29.786],[78.303,29.758],[78.265,29.727],[78.231,29.704],[78.194,29.71],[78.166,29.68],[78.134,29.659],[78.107,29.633],[78.082,29.602],[78.044,29.593],[78.037,29.553],[77.994,29.555],[77.982,29.589],[77.947,29.59],[77.977,29.614],[77.968,29.649],[77.952,29.686],[77.927,29.715],[77.887,29.701],[77.849,29.684],[77.811,29.672],[77.783,29.708],[77.762,29.744],[77.761,29.781],[77.741,29.811],[77.73,29.853],[77.703,29.878],[77.727,29.909],[77.729,29.946],[77.731,29.984],[77.753,30.017],[77.761,30.055],[77.78,30.089],[77.815,30.09],[77.843,30.117],[77.864,30.15],[77.888,30.179],[77.903,30.213],[77.929,30.24],[77.9,30.264],[77.866,30.27],[77.833,30.284],[77.799,30.298],[77.765,30.317],[77.73,30.331],[77.698,30.35],[77.678,30.379],[77.648,30.398],[77.611,30.408],[77.575,30.412],[77.604,30.437],[77.638,30.449],[77.679,30.452],[77.711,30.477],[77.748,30.494],[77.788,30.506],[77.811,30.533],[77.786,30.561],[77.752,30.575],[77.732,30.605],[77.767,30.618],[77.77,30.655],[77.743,30.681],[77.734,30.717],[77.709,30.744],[77.705,30.779],[77.724,30.811],[77.733,30.847],[77.745,30.881],[77.774,30.861],[77.786,30.896],[77.758,30.92],[77.733,30.95],[77.764,30.977],[77.797,30.958],[77.808,30.994],[77.822,31.03],[77.801,31.062],[77.837,31.078],[77.852,31.111],[77.88,31.137],[77.915,31.157],[77.946,31.176],[77.985,31.168],[78.027,31.18],[78.071,31.193],[78.107,31.202],[78.137,31.222],[78.171,31.232],[78.207,31.237],[78.243,31.243],[78.269,31.271],[78.306,31.286],[78.342,31.289],[78.381,31.281],[78.398,31.248],[78.444,31.244],[78.467,31.212],[78.514,31.204],[78.55,31.218],[78.584,31.234],[78.628,31.222],[78.66,31.203],[78.696,31.196],[78.749,31.194],[78.789,31.204],[78.812,31.169],[78.829,31.136],[78.862,31.112],[78.897,31.106],[78.933,31.107],[78.985,31.116],[78.976,31.151],[78.966,31.186],[78.936,31.206],[78.91,31.234],[78.917,31.275],[78.925,31.314],[78.952,31.348],[78.99,31.362],[79.007,31.401],[79.032,31.427],[79.041,31.462],[79.076,31.458],[79.123,31.442],[79.146,31.415],[79.17,31.386],[79.191,31.358],[79.195,31.354]]]}},{"type":"Feature","id":35,"properties":{"id":35,"name":"West Bengal","type":"State"},"geometry":{"type":"MultiPolygon","coordinates":[[[[88.019,21.573],[88.019,21.573]]],[[[88.498,21.6],[88.529,21.584],[88.53,21.548],[88.494,21.55],[88.486,21.585],[88.498,21.6]]],[[[88.178,21.601],[88.187,21.567],[88.168,21.597],[88.178,21.601]]],[[[88.835,21.607],[88.868,21.595],[88.896,21.574],[88.869,21.549],[88.836,21.561],[88.831,21.596],[88.835,21.607]]],[[[88.729,21.637],[88.745,21.606],[88.736,21.572],[88.708,21.593],[88.715,21.628],[88.729,21.637]]],[[[88.537,21.639],[88.569,21.624],[88.587,21.594],[88.562,21.569],[88.557,21.604],[88.522,21.596],[88.522,21.631],[88.537,21.639]]],[[[88.892,21.652],[88.892,21.652]]],[[[88.772,21.653],[88.776,21.618],[88.797,21.59],[88.764,21.576],[88.747,21.607],[88.73,21.638],[88.762,21.653],[88.772,21.653]]],[[[88.966,21.642],[88.992,21.618],[88.956,21.617],[88.942,21.649],[88.966,21.642]]],[[[88.634,21.657],[88.634,21.657]]],[[[88.577,21.692],[88.586,21.658],[88.603,21.627],[88.568,21.633],[88.571,21.668],[88.577,21.692]]],[[[88.592,21.694],[88.591,21.659],[88.591,21.694],[88.592,21.694]]],[[[88.984,21.706],[88.993,21.671],[89.024,21.653],[89.036,21.62],[89.005,21.603],[88.995,21.637],[88.963,21.651],[88.954,21.686],[88.984,21.706]]],[[[88.807,21.707],[88.807,21.67],[88.772,21.665],[88.74,21.679],[88.772,21.694],[88.805,21.706],[88.807,21.707]]],[[[88.311,21.706],[88.343,21.692],[88.349,21.656],[88.338,21.623],[88.311,21.644],[88.316,21.679],[88.311,21.706]]],[[[88.454,21.709],[88.469,21.677],[88.459,21.643],[88.424,21.648],[88.419,21.683],[88.442,21.709],[88.454,21.709]]],[[[88.697,21.713],[88.709,21.68],[88.736,21.658],[88.702,21.665],[88.694,21.699],[88.697,21.713]]],[[[88.205,21.721],[88.194,21.688],[88.225,21.671],[88.226,21.636],[88.214,21.603],[88.195,21.632],[88.185,21.666],[88.186,21.701],[88.205,21.721]]],[[[89.059,21.722],[89.073,21.689],[89.093,21.66],[89.081,21.627],[89.045,21.623],[89.028,21.654],[89.026,21.689],[89.041,21.721],[89.059,21.722]]],[[[88.978,21.727],[89.012,21.717],[89.023,21.684],[89.008,21.652],[88.994,21.684],[88.977,21.716],[88.978,21.727]]],[[[88.546,21.736],[88.576,21.719],[88.566,21.686],[88.555,21.652],[88.531,21.677],[88.517,21.71],[88.541,21.736],[88.546,21.736]]],[[[88.196,21.724],[88.196,21.724]]],[[[88.883,21.745],[88.914,21.726],[88.938,21.7],[88.935,21.665],[88.921,21.632],[88.893,21.654],[88.88,21.687],[88.873,21.721],[88.883,21.745]]],[[[88.412,21.731],[88.418,21.697],[88.412,21.662],[88.43,21.632],[88.406,21.606],[88.384,21.633],[88.382,21.668],[88.399,21.699],[88.375,21.724],[88.394,21.754],[88.412,21.731]]],[[[88.221,21.762],[88.256,21.756],[88.276,21.727],[88.294,21.697],[88.308,21.665],[88.293,21.633],[88.289,21.597],[88.286,21.562],[88.25,21.564],[88.24,21.598],[88.232,21.633],[88.233,21.668],[88.2,21.681],[88.218,21.711],[88.215,21.746],[88.221,21.762]]],[[[88.927,21.762],[88.961,21.753],[88.97,21.719],[88.935,21.713],[88.929,21.748],[88.927,21.762]]],[[[88.365,21.764],[88.364,21.729],[88.397,21.715],[88.369,21.693],[88.338,21.709],[88.343,21.744],[88.365,21.764]]],[[[89.005,21.765],[89.035,21.746],[89.001,21.754],[89.005,21.765]]],[[[88.832,21.766],[88.848,21.735],[88.841,21.7],[88.849,21.665],[88.855,21.63],[88.819,21.628],[88.822,21.663],[88.819,21.698],[88.786,21.711],[88.79,21.746],[88.823,21.759],[88.832,21.766]]],[[[88.385,21.764],[88.368,21.734],[88.38,21.767],[88.385,21.764]]],[[[88.201,21.769],[88.201,21.769]]],[[[88.283,21.765],[88.283,21.765]]],[[[88.582,21.778],[88.598,21.747],[88.57,21.768],[88.582,21.778]]],[[[88.302,21.725],[88.286,21.756],[88.302,21.725]]],[[[88.505,21.783],[88.505,21.783]]],[[[89,21.785],[89,21.75],[88.965,21.753],[88.983,21.783],[89,21.785]]],[[[88.61,21.79],[88.626,21.759],[88.622,21.723],[88.599,21.75],[88.592,21.785],[88.61,21.79]]],[[[88.274,21.791],[88.274,21.791]]],[[[88.183,21.788],[88.183,21.788]]],[[[88.459,21.789],[88.469,21.755],[88.456,21.721],[88.425,21.737],[88.429,21.772],[88.459,21.789]]],[[[88.716,21.807],[88.734,21.777],[88.752,21.745],[88.755,21.71],[88.729,21.686],[88.756,21.664],[88.724,21.679],[88.707,21.71],[88.696,21.743],[88.707,21.777],[88.716,21.807]]],[[[88.171,21.809],[88.171,21.809]]],[[[88.545,21.81],[88.572,21.788],[88.568,21.753],[88.538,21.736],[88.505,21.749],[88.528,21.776],[88.539,21.81],[88.545,21.81]]],[[[88.422,21.811],[88.43,21.777],[88.421,21.743],[88.394,21.765],[88.406,21.798],[88.422,21.811]]],[[[89,21.812],[89.017,21.781],[88.995,21.809],[89,21.812]]],[[[88.751,21.795],[88.751,21.795]]],[[[88.828,21.804],[88.829,21.769],[88.799,21.749],[88.797,21.784],[88.816,21.814],[88.828,21.804]]],[[[88.787,21.745],[88.76,21.766],[88.771,21.799],[88.782,21.763],[88.787,21.745]]],[[[88.916,21.826],[88.918,21.791],[88.912,21.756],[88.902,21.79],[88.911,21.824],[88.916,21.826]]],[[[88.182,21.826],[88.182,21.826]]],[[[88.559,21.83],[88.559,21.83]]],[[[88.485,21.835],[88.486,21.8],[88.452,21.808],[88.476,21.834],[88.485,21.835]]],[[[88.941,21.847],[88.972,21.823],[88.945,21.799],[88.95,21.765],[88.916,21.756],[88.923,21.79],[88.936,21.824],[88.941,21.847]]],[[[88.592,21.85],[88.608,21.819],[88.583,21.843],[88.592,21.85]]],[[[88.52,21.855],[88.52,21.855]]],[[[88.538,21.854],[88.538,21.854]]],[[[88.331,21.861],[88.35,21.831],[88.361,21.797],[88.348,21.764],[88.343,21.729],[88.313,21.71],[88.306,21.745],[88.299,21.779],[88.267,21.793],[88.286,21.823],[88.315,21.843],[88.331,21.861]]],[[[88.856,21.865],[88.877,21.837],[88.881,21.802],[88.893,21.769],[88.92,21.745],[88.885,21.746],[88.866,21.775],[88.84,21.8],[88.838,21.835],[88.856,21.865]]],[[[88.583,21.866],[88.583,21.866]]],[[[88.137,21.875],[88.151,21.842],[88.171,21.813],[88.169,21.778],[88.171,21.743],[88.158,21.709],[88.156,21.674],[88.146,21.641],[88.114,21.626],[88.079,21.634],[88.046,21.648],[88.039,21.682],[88.044,21.717],[88.065,21.745],[88.073,21.78],[88.091,21.81],[88.108,21.842],[88.127,21.871],[88.137,21.875]]],[[[88.789,21.879],[88.823,21.869],[88.82,21.834],[88.804,21.801],[88.777,21.827],[88.782,21.861],[88.789,21.879]]],[[[88.979,21.893],[89.011,21.878],[89.027,21.847],[89.012,21.814],[88.987,21.79],[88.952,21.783],[88.977,21.808],[88.952,21.833],[88.971,21.863],[88.979,21.893]]],[[[88.622,21.898],[88.645,21.871],[88.647,21.836],[88.643,21.801],[88.622,21.829],[88.596,21.853],[88.609,21.885],[88.622,21.898]]],[[[88.137,21.895],[88.137,21.895]]],[[[88.817,21.901],[88.835,21.871],[88.814,21.899],[88.817,21.901]]],[[[88.562,21.897],[88.573,21.864],[88.562,21.83],[88.531,21.846],[88.548,21.877],[88.562,21.897]]],[[[88.425,21.904],[88.425,21.904]]],[[[88.446,21.905],[88.478,21.89],[88.49,21.856],[88.468,21.828],[88.465,21.793],[88.43,21.801],[88.399,21.817],[88.399,21.852],[88.413,21.884],[88.441,21.906],[88.446,21.905]]],[[[88.718,21.907],[88.749,21.89],[88.775,21.866],[88.764,21.829],[88.766,21.794],[88.731,21.798],[88.704,21.819],[88.702,21.855],[88.713,21.888],[88.718,21.907]]],[[[88.107,21.894],[88.107,21.894]]],[[[88.505,21.913],[88.505,21.913]]],[[[88.452,21.906],[88.452,21.906]]],[[[88.64,21.922],[88.658,21.892],[88.624,21.9],[88.64,21.922]]],[[[88.135,21.927],[88.135,21.927]]],[[[88.837,21.918],[88.873,21.917],[88.91,21.923],[88.943,21.911],[88.967,21.886],[88.952,21.854],[88.918,21.861],[88.924,21.826],[88.891,21.813],[88.878,21.846],[88.854,21.873],[88.839,21.906],[88.837,21.918]]],[[[88.724,21.932],[88.759,21.927],[88.793,21.918],[88.809,21.886],[88.778,21.87],[88.75,21.891],[88.719,21.909],[88.724,21.932]]],[[[88.163,21.937],[88.163,21.937]]],[[[88.745,21.98],[88.763,21.949],[88.797,21.94],[88.763,21.931],[88.727,21.935],[88.724,21.97],[88.745,21.98]]],[[[88.759,21.999],[88.759,21.999]]],[[[88.66,22.019],[88.694,22.009],[88.695,21.974],[88.679,21.943],[88.645,21.954],[88.632,21.987],[88.651,22.017],[88.66,22.019]]],[[[88.141,22.026],[88.125,21.995],[88.106,21.965],[88.088,21.934],[88.058,21.914],[88.053,21.95],[88.067,21.984],[88.092,22.01],[88.126,22.02],[88.141,22.026]]],[[[88.813,22.019],[88.848,22.018],[88.886,22.011],[88.904,21.981],[88.906,21.943],[88.873,21.922],[88.835,21.933],[88.801,21.942],[88.766,21.949],[88.751,21.981],[88.785,21.971],[88.754,21.988],[88.777,22.015],[88.812,22.02],[88.813,22.019]]],[[[88.731,22.045],[88.731,22.045]]],[[[88.764,22.052],[88.791,22.03],[88.757,22.038],[88.764,22.052]]],[[[88.903,22.045],[88.885,22.015],[88.856,22.036],[88.89,22.046],[88.903,22.045]]],[[[88.031,22.061],[88.031,22.061]]],[[[89.016,22.051],[89.048,22.036],[89.071,22.009],[89.075,21.974],[89.066,21.94],[89.033,21.926],[89.003,21.946],[89.018,21.977],[88.985,21.989],[88.971,22.022],[88.985,22.054],[89.016,22.051]]],[[[88.636,22.051],[88.636,22.051]]],[[[88.812,22.061],[88.832,22.032],[88.797,22.032],[88.812,22.061]]],[[[88.871,22.079],[88.891,22.05],[88.855,22.045],[88.823,22.059],[88.852,22.078],[88.871,22.079]]],[[[88.69,22.08],[88.69,22.08]]],[[[88.904,22.084],[88.877,22.062],[88.9,22.088],[88.904,22.084]]],[[[88.722,22.099],[88.694,22.078],[88.722,22.101],[88.722,22.099]]],[[[88.803,22.085],[88.836,22.071],[88.802,22.062],[88.768,22.054],[88.773,22.089],[88.803,22.085]]],[[[88.818,22.123],[88.849,22.106],[88.82,22.085],[88.801,22.115],[88.818,22.123]]],[[[88.729,22.114],[88.729,22.114]]],[[[88.865,22.167],[88.897,22.151],[88.915,22.121],[88.897,22.091],[88.862,22.094],[88.843,22.124],[88.856,22.156],[88.865,22.167]]],[[[88.95,22.189],[88.972,22.162],[88.985,22.129],[88.973,22.096],[88.945,22.074],[88.922,22.048],[88.927,22.013],[88.934,22.047],[88.969,22.043],[88.971,22.008],[88.987,21.976],[88.995,21.942],[89.021,21.919],[88.988,21.911],[88.977,21.946],[88.946,21.929],[88.926,21.96],[88.913,21.994],[88.911,22.029],[88.902,22.064],[88.925,22.09],[88.933,22.124],[88.907,22.148],[88.93,22.175],[88.95,22.189]]],[[[89.002,22.199],[89.015,22.166],[89.038,22.14],[89.015,22.113],[89.032,22.082],[89.01,22.056],[88.978,22.04],[88.978,22.075],[88.989,22.108],[88.996,22.143],[88.976,22.172],[88.997,22.199],[89.002,22.199]]],[[[88.695,22.209],[88.728,22.195],[88.763,22.193],[88.789,22.169],[88.762,22.146],[88.732,22.128],[88.708,22.103],[88.683,22.078],[88.703,22.049],[88.735,22.033],[88.71,22.008],[88.677,22.022],[88.661,22.053],[88.649,22.087],[88.636,22.119],[88.652,22.151],[88.676,22.182],[88.695,22.209]]],[[[88.845,22.189],[88.851,22.155],[88.825,22.131],[88.794,22.114],[88.767,22.091],[88.741,22.067],[88.706,22.063],[88.723,22.094],[88.744,22.123],[88.772,22.143],[88.798,22.168],[88.833,22.165],[88.827,22.199],[88.845,22.189]]],[[[87.99,22.218],[87.99,22.218]]],[[[88.932,22.225],[88.96,22.203],[88.934,22.179],[88.917,22.21],[88.932,22.225]]],[[[88.813,22.283],[88.826,22.251],[88.8,22.228],[88.817,22.197],[88.786,22.18],[88.756,22.196],[88.753,22.231],[88.78,22.254],[88.804,22.28],[88.813,22.283]]],[[[88.85,22.363],[88.883,22.35],[88.904,22.322],[88.933,22.303],[88.931,22.268],[88.952,22.239],[88.917,22.232],[88.892,22.257],[88.862,22.277],[88.891,22.256],[88.901,22.223],[88.91,22.189],[88.88,22.169],[88.886,22.204],[88.851,22.211],[88.861,22.245],[88.84,22.217],[88.874,22.212],[88.847,22.19],[88.815,22.207],[88.827,22.24],[88.817,22.274],[88.809,22.308],[88.812,22.343],[88.842,22.361],[88.85,22.363]]],[[[88.985,22.382],[88.987,22.347],[89.006,22.317],[88.995,22.284],[89.013,22.254],[89.037,22.228],[89.062,22.203],[89.061,22.168],[89.094,22.157],[89.069,22.133],[89.039,22.151],[89.027,22.184],[89.004,22.211],[88.969,22.213],[88.958,22.247],[88.953,22.282],[88.952,22.317],[88.956,22.353],[88.968,22.386],[88.985,22.382]]],[[[87.938,22.397],[87.938,22.397]]],[[[88.862,22.399],[88.884,22.372],[88.902,22.342],[88.874,22.363],[88.856,22.393],[88.862,22.399]]],[[[88.868,22.411],[88.868,22.411]]],[[[88.919,22.427],[88.919,22.427]]],[[[87.926,22.425],[87.926,22.425]]],[[[87.912,22.432],[87.912,22.432]]],[[[88.859,22.469],[88.859,22.469]]],[[[88.781,22.501],[88.81,22.481],[88.826,22.449],[88.797,22.468],[88.781,22.5],[88.781,22.501]]],[[[88.898,22.549],[88.904,22.514],[88.894,22.48],[88.9,22.445],[88.907,22.41],[88.891,22.379],[88.873,22.409],[88.859,22.442],[88.858,22.477],[88.859,22.514],[88.879,22.543],[88.898,22.549]]],[[[88.934,22.564],[88.934,22.564]]],[[[88.92,22.565],[88.952,22.552],[88.968,22.52],[88.977,22.486],[88.993,22.454],[88.985,22.42],[88.965,22.39],[88.941,22.416],[88.944,22.381],[88.95,22.347],[88.944,22.312],[88.913,22.33],[88.902,22.364],[88.927,22.389],[88.919,22.423],[88.903,22.454],[88.901,22.489],[88.91,22.524],[88.896,22.556],[88.92,22.565]]],[[[88.936,22.622],[88.936,22.622]]],[[[88.676,24.316],[88.676,24.316]]],[[[88.127,27.123],[88.173,27.13],[88.21,27.133],[88.252,27.125],[88.295,27.125],[88.324,27.105],[88.364,27.098],[88.411,27.091],[88.446,27.085],[88.467,27.114],[88.499,27.131],[88.53,27.15],[88.541,27.184],[88.585,27.193],[88.633,27.175],[88.674,27.177],[88.712,27.165],[88.737,27.14],[88.775,27.138],[88.809,27.128],[88.843,27.117],[88.873,27.092],[88.877,27.046],[88.87,27.011],[88.872,26.965],[88.904,26.984],[88.947,26.977],[88.94,26.942],[88.971,26.921],[89.006,26.93],[89.046,26.92],[89.086,26.897],[89.101,26.864],[89.111,26.826],[89.142,26.809],[89.179,26.819],[89.234,26.821],[89.269,26.824],[89.304,26.843],[89.346,26.853],[89.384,26.862],[89.42,26.839],[89.454,26.827],[89.48,26.803],[89.517,26.815],[89.555,26.815],[89.594,26.793],[89.625,26.776],[89.625,26.74],[89.655,26.718],[89.688,26.736],[89.722,26.725],[89.757,26.736],[89.771,26.701],[89.807,26.715],[89.855,26.703],[89.871,26.666],[89.857,26.632],[89.875,26.601],[89.865,26.566],[89.862,26.53],[89.855,26.494],[89.871,26.46],[89.853,26.425],[89.827,26.396],[89.821,26.359],[89.782,26.353],[89.762,26.317],[89.732,26.293],[89.725,26.258],[89.71,26.219],[89.7,26.185],[89.734,26.175],[89.705,26.153],[89.687,26.185],[89.692,26.221],[89.657,26.218],[89.648,26.184],[89.614,26.173],[89.599,26.141],[89.631,26.126],[89.6,26.109],[89.635,26.102],[89.65,26.069],[89.616,26.06],[89.588,26.033],[89.589,25.998],[89.565,25.97],[89.545,26.003],[89.508,26],[89.473,25.997],[89.439,26.009],[89.433,26.044],[89.401,26.023],[89.366,26.008],[89.336,26.028],[89.307,26.049],[89.272,26.062],[89.257,26.094],[89.232,26.12],[89.196,26.123],[89.162,26.139],[89.146,26.171],[89.154,26.206],[89.141,26.239],[89.126,26.271],[89.112,26.303],[89.145,26.319],[89.109,26.325],[89.104,26.36],[89.09,26.393],[89.053,26.402],[89.019,26.416],[88.988,26.437],[88.964,26.463],[88.952,26.431],[88.92,26.412],[88.919,26.376],[88.952,26.359],[88.986,26.35],[89.003,26.318],[89.029,26.293],[89.065,26.294],[89.069,26.259],[89.034,26.248],[88.996,26.249],[88.958,26.248],[88.939,26.279],[88.903,26.292],[88.869,26.279],[88.879,26.244],[88.842,26.242],[88.819,26.269],[88.815,26.305],[88.778,26.306],[88.758,26.337],[88.72,26.344],[88.691,26.366],[88.673,26.397],[88.651,26.426],[88.626,26.452],[88.597,26.472],[88.564,26.456],[88.54,26.482],[88.515,26.508],[88.49,26.533],[88.454,26.536],[88.428,26.561],[88.421,26.597],[88.417,26.632],[88.389,26.611],[88.374,26.579],[88.361,26.546],[88.351,26.51],[88.334,26.479],[88.354,26.448],[88.362,26.483],[88.399,26.481],[88.432,26.471],[88.468,26.464],[88.493,26.439],[88.504,26.405],[88.518,26.371],[88.488,26.349],[88.461,26.373],[88.439,26.344],[88.406,26.329],[88.38,26.305],[88.352,26.282],[88.356,26.247],[88.339,26.215],[88.308,26.198],[88.274,26.187],[88.239,26.182],[88.208,26.158],[88.181,26.136],[88.165,26.103],[88.184,26.072],[88.176,26.035],[88.147,26.013],[88.131,25.982],[88.119,25.948],[88.091,25.926],[88.1,25.892],[88.111,25.859],[88.106,25.824],[88.127,25.794],[88.158,25.776],[88.186,25.799],[88.223,25.797],[88.256,25.81],[88.274,25.778],[88.304,25.758],[88.332,25.736],[88.364,25.718],[88.39,25.692],[88.417,25.667],[88.454,25.662],[88.458,25.625],[88.464,25.59],[88.498,25.582],[88.505,25.547],[88.536,25.531],[88.565,25.511],[88.601,25.51],[88.635,25.496],[88.664,25.474],[88.699,25.47],[88.722,25.498],[88.757,25.491],[88.786,25.513],[88.814,25.49],[88.839,25.465],[88.836,25.428],[88.844,25.393],[88.852,25.359],[88.879,25.333],[88.914,25.318],[88.945,25.302],[88.981,25.305],[89.007,25.282],[88.973,25.267],[88.952,25.237],[88.935,25.206],[88.923,25.167],[88.891,25.185],[88.859,25.202],[88.822,25.191],[88.79,25.176],[88.754,25.178],[88.727,25.2],[88.691,25.21],[88.653,25.205],[88.617,25.206],[88.586,25.184],[88.545,25.196],[88.506,25.206],[88.472,25.198],[88.453,25.168],[88.455,25.133],[88.447,25.098],[88.444,25.061],[88.445,25.025],[88.42,24.999],[88.398,24.97],[88.384,24.938],[88.349,24.943],[88.326,24.916],[88.344,24.884],[88.308,24.874],[88.278,24.893],[88.259,24.925],[88.234,24.951],[88.198,24.956],[88.165,24.943],[88.141,24.917],[88.168,24.894],[88.166,24.857],[88.139,24.834],[88.109,24.809],[88.087,24.779],[88.067,24.75],[88.06,24.715],[88.032,24.691],[88.017,24.659],[88.046,24.637],[88.07,24.605],[88.089,24.573],[88.11,24.543],[88.137,24.516],[88.168,24.496],[88.193,24.47],[88.227,24.453],[88.265,24.445],[88.29,24.42],[88.317,24.397],[88.348,24.376],[88.385,24.373],[88.424,24.382],[88.459,24.371],[88.491,24.355],[88.527,24.344],[88.548,24.308],[88.58,24.326],[88.619,24.316],[88.655,24.309],[88.697,24.312],[88.726,24.292],[88.736,24.258],[88.733,24.219],[88.711,24.177],[88.708,24.139],[88.698,24.097],[88.724,24.073],[88.738,24.038],[88.728,24],[88.765,23.996],[88.735,23.977],[88.742,23.939],[88.713,23.914],[88.685,23.889],[88.655,23.868],[88.618,23.876],[88.583,23.864],[88.591,23.826],[88.581,23.792],[88.579,23.757],[88.566,23.717],[88.571,23.683],[88.562,23.646],[88.593,23.626],[88.62,23.603],[88.65,23.581],[88.665,23.549],[88.692,23.526],[88.725,23.509],[88.746,23.479],[88.778,23.497],[88.788,23.459],[88.76,23.424],[88.753,23.387],[88.747,23.351],[88.747,23.314],[88.714,23.301],[88.724,23.264],[88.747,23.237],[88.779,23.223],[88.814,23.217],[88.851,23.226],[88.888,23.227],[88.919,23.208],[88.956,23.204],[88.989,23.218],[88.982,23.182],[88.948,23.175],[88.931,23.14],[88.905,23.115],[88.874,23.098],[88.873,23.06],[88.875,23.023],[88.869,22.983],[88.888,22.952],[88.909,22.922],[88.909,22.877],[88.946,22.877],[88.967,22.844],[88.96,22.809],[88.935,22.783],[88.921,22.747],[88.935,22.714],[88.959,22.689],[88.939,22.651],[88.913,22.675],[88.879,22.668],[88.86,22.697],[88.827,22.711],[88.812,22.743],[88.847,22.744],[88.813,22.753],[88.808,22.716],[88.841,22.706],[88.858,22.675],[88.894,22.671],[88.924,22.652],[88.933,22.618],[88.936,22.583],[88.906,22.565],[88.876,22.544],[88.857,22.515],[88.857,22.48],[88.859,22.444],[88.825,22.436],[88.814,22.47],[88.794,22.498],[88.774,22.527],[88.741,22.515],[88.708,22.529],[88.678,22.547],[88.678,22.582],[88.676,22.547],[88.705,22.527],[88.736,22.51],[88.771,22.511],[88.79,22.482],[88.801,22.449],[88.831,22.43],[88.856,22.405],[88.858,22.37],[88.824,22.361],[88.805,22.332],[88.803,22.297],[88.792,22.263],[88.763,22.244],[88.746,22.213],[88.712,22.204],[88.678,22.212],[88.642,22.213],[88.66,22.243],[88.674,22.276],[88.681,22.311],[88.668,22.278],[88.652,22.244],[88.632,22.216],[88.666,22.208],[88.653,22.175],[88.64,22.143],[88.62,22.113],[88.603,22.144],[88.582,22.172],[88.601,22.142],[88.607,22.107],[88.625,22.077],[88.636,22.044],[88.608,22.022],[88.601,22.057],[88.602,22.022],[88.602,21.986],[88.606,21.951],[88.609,21.916],[88.582,21.892],[88.586,21.927],[88.551,21.92],[88.543,21.955],[88.55,21.92],[88.548,21.885],[88.529,21.854],[88.5,21.873],[88.511,21.907],[88.523,21.939],[88.494,21.959],[88.516,21.986],[88.55,21.996],[88.556,22.03],[88.548,21.996],[88.514,21.987],[88.491,21.96],[88.521,21.94],[88.498,21.914],[88.468,21.896],[88.458,21.93],[88.449,21.964],[88.45,21.999],[88.445,21.965],[88.454,21.93],[88.431,21.903],[88.399,21.89],[88.406,21.924],[88.392,21.956],[88.405,21.924],[88.385,21.895],[88.393,21.86],[88.388,21.825],[88.366,21.797],[88.355,21.83],[88.361,21.865],[88.37,21.899],[88.35,21.927],[88.369,21.898],[88.359,21.864],[88.323,21.862],[88.288,21.86],[88.255,21.872],[88.287,21.858],[88.281,21.823],[88.261,21.793],[88.282,21.765],[88.255,21.787],[88.279,21.761],[88.244,21.759],[88.216,21.782],[88.203,21.814],[88.182,21.844],[88.167,21.876],[88.173,21.91],[88.163,21.944],[88.173,21.977],[88.196,22.004],[88.214,22.034],[88.222,22.069],[88.221,22.104],[88.211,22.14],[88.198,22.173],[88.171,22.195],[88.136,22.202],[88.101,22.209],[88.086,22.241],[88.095,22.275],[88.073,22.248],[88.049,22.22],[88.015,22.228],[87.985,22.246],[87.965,22.275],[87.959,22.309],[87.958,22.344],[87.952,22.379],[87.937,22.412],[87.911,22.435],[87.928,22.405],[87.94,22.372],[87.947,22.337],[87.935,22.304],[87.937,22.269],[87.961,22.243],[87.982,22.215],[88.014,22.2],[88.049,22.205],[88.079,22.187],[88.114,22.189],[88.145,22.171],[88.167,22.144],[88.191,22.116],[88.174,22.081],[88.146,22.059],[88.115,22.043],[88.086,22.023],[88.05,22.024],[88.028,22.051],[88.01,22.083],[87.983,22.104],[88.004,22.076],[88.017,22.043],[88.043,22.019],[88.038,21.984],[88.023,21.952],[88.011,21.919],[87.994,21.888],[87.979,21.857],[87.954,21.833],[87.931,21.805],[87.898,21.794],[87.878,21.765],[87.847,21.747],[87.82,21.724],[87.796,21.698],[87.761,21.696],[87.732,21.675],[87.7,21.661],[87.664,21.651],[87.63,21.647],[87.595,21.64],[87.56,21.633],[87.526,21.622],[87.491,21.613],[87.471,21.643],[87.468,21.684],[87.461,21.721],[87.442,21.755],[87.403,21.766],[87.368,21.775],[87.333,21.787],[87.297,21.795],[87.265,21.813],[87.248,21.848],[87.235,21.896],[87.235,21.934],[87.21,21.957],[87.175,21.966],[87.16,21.934],[87.124,21.92],[87.091,21.899],[87.095,21.86],[87.054,21.861],[87.02,21.886],[86.999,21.918],[87.015,21.953],[87.032,21.986],[87.024,22.021],[86.995,22.046],[86.97,22.074],[86.932,22.086],[86.848,22.098],[86.815,22.112],[86.8,22.146],[86.757,22.145],[86.715,22.143],[86.713,22.181],[86.723,22.215],[86.767,22.211],[86.809,22.233],[86.79,22.263],[86.828,22.259],[86.865,22.253],[86.888,22.281],[86.847,22.313],[86.836,22.361],[86.844,22.396],[86.805,22.416],[86.769,22.422],[86.749,22.46],[86.783,22.477],[86.792,22.513],[86.776,22.547],[86.728,22.575],[86.683,22.577],[86.648,22.592],[86.637,22.631],[86.622,22.666],[86.591,22.689],[86.555,22.708],[86.52,22.718],[86.482,22.725],[86.454,22.76],[86.422,22.774],[86.434,22.829],[86.448,22.862],[86.463,22.897],[86.432,22.916],[86.462,22.944],[86.498,22.945],[86.532,22.962],[86.497,22.983],[86.451,22.988],[86.416,22.995],[86.384,22.98],[86.352,22.995],[86.315,22.996],[86.279,23.011],[86.245,22.995],[86.206,22.994],[86.176,23.013],[86.15,23.041],[86.138,23.08],[86.097,23.092],[86.059,23.106],[86.037,23.144],[85.996,23.144],[85.959,23.14],[85.922,23.129],[85.889,23.152],[85.86,23.192],[85.831,23.214],[85.826,23.263],[85.852,23.294],[85.878,23.324],[85.867,23.361],[85.877,23.4],[85.86,23.442],[85.874,23.476],[85.913,23.467],[85.95,23.455],[85.99,23.476],[86.026,23.488],[86.027,23.524],[86.011,23.561],[86.047,23.584],[86.083,23.569],[86.119,23.574],[86.153,23.552],[86.153,23.51],[86.146,23.473],[86.181,23.467],[86.221,23.456],[86.239,23.426],[86.273,23.439],[86.313,23.426],[86.34,23.452],[86.364,23.482],[86.367,23.519],[86.365,23.557],[86.387,23.585],[86.418,23.603],[86.445,23.632],[86.481,23.635],[86.524,23.628],[86.565,23.646],[86.592,23.671],[86.633,23.676],[86.669,23.686],[86.711,23.697],[86.759,23.678],[86.796,23.693],[86.805,23.74],[86.817,23.776],[86.801,23.813],[86.844,23.822],[86.882,23.814],[86.882,23.857],[86.924,23.866],[86.956,23.85],[86.995,23.854],[87.034,23.837],[87.064,23.813],[87.106,23.8],[87.144,23.796],[87.162,23.828],[87.13,23.851],[87.167,23.86],[87.199,23.848],[87.236,23.853],[87.246,23.895],[87.281,23.884],[87.288,23.92],[87.292,23.956],[87.26,23.97],[87.241,24.006],[87.238,24.041],[87.274,24.032],[87.314,24.032],[87.324,23.997],[87.36,24.007],[87.394,23.997],[87.428,23.984],[87.446,24.014],[87.483,24.014],[87.511,24.04],[87.489,24.07],[87.495,24.105],[87.531,24.099],[87.563,24.085],[87.58,24.12],[87.571,24.154],[87.61,24.165],[87.646,24.154],[87.684,24.149],[87.693,24.186],[87.659,24.207],[87.637,24.238],[87.674,24.247],[87.705,24.264],[87.73,24.288],[87.76,24.313],[87.773,24.349],[87.794,24.381],[87.806,24.415],[87.803,24.45],[87.813,24.485],[87.799,24.521],[87.799,24.559],[87.768,24.576],[87.805,24.578],[87.835,24.556],[87.877,24.561],[87.905,24.584],[87.878,24.609],[87.906,24.633],[87.9,24.669],[87.898,24.706],[87.878,24.739],[87.84,24.738],[87.818,24.766],[87.855,24.764],[87.877,24.794],[87.898,24.825],[87.922,24.86],[87.961,24.879],[87.97,24.916],[87.95,24.945],[87.919,24.973],[87.893,25.009],[87.864,25.04],[87.82,25.062],[87.78,25.087],[87.769,25.127],[87.779,25.177],[87.788,25.22],[87.821,25.208],[87.832,25.245],[87.857,25.278],[87.831,25.302],[87.802,25.323],[87.789,25.372],[87.766,25.404],[87.78,25.437],[87.819,25.438],[87.85,25.465],[87.869,25.497],[87.905,25.507],[87.926,25.536],[87.964,25.533],[87.987,25.503],[88.029,25.489],[88.066,25.481],[88.067,25.516],[88.036,25.537],[88.03,25.574],[88.039,25.608],[88.046,25.644],[88.049,25.681],[88.014,25.694],[87.988,25.72],[87.951,25.739],[87.932,25.771],[87.898,25.799],[87.888,25.833],[87.871,25.866],[87.835,25.869],[87.815,25.899],[87.827,25.932],[87.83,25.972],[87.841,26.02],[87.863,26.056],[87.893,26.08],[87.931,26.069],[87.964,26.083],[87.976,26.122],[87.982,26.159],[88.013,26.141],[88.034,26.17],[88.07,26.176],[88.094,26.207],[88.126,26.228],[88.159,26.257],[88.189,26.275],[88.225,26.289],[88.248,26.327],[88.282,26.34],[88.274,26.377],[88.238,26.375],[88.255,26.416],[88.243,26.449],[88.213,26.478],[88.179,26.491],[88.207,26.515],[88.231,26.552],[88.197,26.544],[88.165,26.522],[88.124,26.52],[88.108,26.554],[88.13,26.582],[88.145,26.625],[88.168,26.67],[88.176,26.708],[88.189,26.74],[88.188,26.783],[88.175,26.826],[88.176,26.865],[88.15,26.888],[88.14,26.931],[88.125,26.965],[88.107,26.997],[88.086,27.029],[88.048,27.036],[88.025,27.067],[88.011,27.099],[87.994,27.131],[88.014,27.165],[88.014,27.204],[88.058,27.214],[88.072,27.179],[88.084,27.145],[88.123,27.124],[88.127,27.123]]]]}}]}